Zip Code,Sub District,District,Jenis,City,Regency
15111,Suka Asih,Tangerang,Kota,Tangerang,Banten
15111,Sukarasa,Tangerang,Kota,Tangerang,Banten
15112,Koang Jaya,Karawaci,Kota,Tangerang,Banten
15112,Nambo Jaya,Karawaci,Kota,Tangerang,Banten
15112,Pabuaran Tumpeng,Karawaci,Kota,Tangerang,Banten
15112,Pasar Baru,Karawaci,Kota,Tangerang,Banten
15113,Bugel,Karawaci,Kota,Tangerang,Banten
15113,Gerendeng,Karawaci,Kota,Tangerang,Banten
15113,Marga Sari,Karawaci,Kota,Tangerang,Banten
15113,Suka Jadi,Karawaci,Kota,Tangerang,Banten
15114,Cimone,Karawaci,Kota,Tangerang,Banten
15114,Pabuaran,Karawaci,Kota,Tangerang,Banten
15114,Sumur Pancing (Pacing),Karawaci,Kota,Tangerang,Banten
15115,Bojong Jaya,Karawaci,Kota,Tangerang,Banten
15115,Karawaci,Karawaci,Kota,Tangerang,Banten
15116,Cimone Jaya,Karawaci,Kota,Tangerang,Banten
15116,Karawaci Baru,Karawaci,Kota,Tangerang,Banten
15116,Nusa Jaya,Karawaci,Kota,Tangerang,Banten
15117,Cikokol,Tangerang,Kota,Tangerang,Banten
15117,Kelapa Indah,Tangerang,Kota,Tangerang,Banten
15118,Babakan,Tangerang,Kota,Tangerang,Banten
15118,Sukasari,Tangerang,Kota,Tangerang,Banten
15119,Buaran Indah,Tangerang,Kota,Tangerang,Banten
15119,Tanah Tinggi,Tangerang,Kota,Tangerang,Banten
15121,Batu Jaya,Batuceper,Kota,Tangerang,Banten
15121,Batu Sari,Batuceper,Kota,Tangerang,Banten
15121,Karang Anyar,Neglasari,Kota,Tangerang,Banten
15121,Karang Sari,Neglasari,Kota,Tangerang,Banten
15122,Batu Ceper,Batuceper,Kota,Tangerang,Banten
15122,Kebon Besar,Batuceper,Kota,Tangerang,Banten
15122,Poris Gaga,Batuceper,Kota,Tangerang,Banten
15122,Poris Gaga Baru,Batuceper,Kota,Tangerang,Banten
15122,Poris Jaya,Batuceper,Kota,Tangerang,Banten
15123,Belendung,Benda,Kota,Tangerang,Banten
15124,Jurumudi,Benda,Kota,Tangerang,Banten
15124,Jurumudi Baru,Benda,Kota,Tangerang,Banten
15125,Benda,Benda,Kota,Tangerang,Banten
15126,Pajang,Benda,Kota,Tangerang,Banten
15127,Selapajang Jaya,Neglasari,Kota,Tangerang,Banten
15128,Kedaung Baru,Neglasari,Kota,Tangerang,Banten
15128,Kedaung Wetan,Neglasari,Kota,Tangerang,Banten
15129,Mekar Sari,Neglasari,Kota,Tangerang,Banten
15129,Neglasari,Neglasari,Kota,Tangerang,Banten
15131,Periuk,Periuk,Kota,Tangerang,Banten
15131,Periuk Jaya,Periuk,Kota,Tangerang,Banten
15132,Gebang Raya,Periuk,Kota,Tangerang,Banten
15132,Sangiang Jaya,Periuk,Kota,Tangerang,Banten
15133,Alam Jaya,Jatiuwung,Kota,Tangerang,Banten
15133,Gembor,Periuk,Kota,Tangerang,Banten
15134,Jatiuwung,Cibodas,Kota,Tangerang,Banten
15134,Keroncong,Jatiuwung,Kota,Tangerang,Banten
15135,Pasir Jaya,Jatiuwung,Kota,Tangerang,Banten
15136,Jatake,Jatiuwung,Kota,Tangerang,Banten
15136,Manis Jaya,Jatiuwung,Kota,Tangerang,Banten
15137,Gandasari,Jatiuwung,Kota,Tangerang,Banten
15138,Cibodas,Cibodas,Kota,Tangerang,Banten
15138,Cibodas Baru,Cibodas,Kota,Tangerang,Banten
15138,Cibodas Sari,Cibodas,Kota,Tangerang,Banten
15138,Uwung Jaya,Cibodas,Kota,Tangerang,Banten
15139,Panunggangan Barat,Cibodas,Kota,Tangerang,Banten
15141,Poris Plawad,Cipondoh,Kota,Tangerang,Banten
15141,Poris Plawad Indah,Cipondoh,Kota,Tangerang,Banten
15141,Poris Plawad Utara,Cipondoh,Kota,Tangerang,Banten
15146,Gondrong,Cipondoh,Kota,Tangerang,Banten
15146,Kenanga,Cipondoh,Kota,Tangerang,Banten
15147,Ketapang,Cipondoh,Kota,Tangerang,Banten
15147,Petir,Cipondoh,Kota,Tangerang,Banten
15148,Cipondoh,Cipondoh,Kota,Tangerang,Banten
15148,Cipondoh Indah,Cipondoh,Kota,Tangerang,Banten
15148,Cipondoh Makmur,Cipondoh,Kota,Tangerang,Banten
15151,Sudimara Barat,Ciledug,Kota,Tangerang,Banten
15151,Sudimara Jaya,Ciledug,Kota,Tangerang,Banten
15151,Sudimara Selatan,Ciledug,Kota,Tangerang,Banten
15151,Sudimara Timur,Ciledug,Kota,Tangerang,Banten
15152,Tajur,Ciledug,Kota,Tangerang,Banten
15153,Paninggilan,Ciledug,Kota,Tangerang,Banten
15153,Paninggilan Utara,Ciledug,Kota,Tangerang,Banten
15153,Parung Serab,Ciledug,Kota,Tangerang,Banten
15154,Gaga,Larangan,Kota,Tangerang,Banten
15154,Larangan Indah,Larangan,Kota,Tangerang,Banten
15154,Larangan Selatan,Larangan,Kota,Tangerang,Banten
15154,Larangan Utara,Larangan,Kota,Tangerang,Banten
15155,Cipadu,Larangan,Kota,Tangerang,Banten
15155,Cipadu Jaya,Larangan,Kota,Tangerang,Banten
15156,Kreo,Larangan,Kota,Tangerang,Banten
15156,Kreo Selatan,Larangan,Kota,Tangerang,Banten
15157,Karang Tengah,Pagedangan,Kab.,Tangerang,Banten
15211,Dadap,Kosambi,Kab.,Tangerang,Banten
15211,Jatimulya,Kosambi,Kab.,Tangerang,Banten
15212,Belimbing,Kosambi,Kab.,Tangerang,Banten
15212,Cengklong,Kosambi,Kab.,Tangerang,Banten
15213,Kosambi Barat,Kosambi,Kab.,Tangerang,Banten
15213,Kosambi Timur,Kosambi,Kab.,Tangerang,Banten
15214,Salembaran Jati,Kosambi,Kab.,Tangerang,Banten
15214,Salembaran Raya,Kosambi,Kab.,Tangerang,Banten
15215,Rawa Burung,Kosambi,Kab.,Tangerang,Banten
15215,Rawa Rengas,Kosambi,Kab.,Tangerang,Banten
15330,Jatake,Pagedangan,Kab.,Tangerang,Banten
15330,Malang Nengah,Pagedangan,Kab.,Tangerang,Banten
15331,Lengkong Kulon,Pagedangan,Kab.,Tangerang,Banten
15332,Cihuni,Pagedangan,Kab.,Tangerang,Banten
15334,Medang,Pagedangan,Kab.,Tangerang,Banten
15335,Cijantra,Pagedangan,Kab.,Tangerang,Banten
15336,Cicalengka,Pagedangan,Kab.,Tangerang,Banten
15337,Kadu Sirung,Pagedangan,Kab.,Tangerang,Banten
15338,Situ Gadung,Pagedangan,Kab.,Tangerang,Banten
15339,Pagedangan,Pagedangan,Kab.,Tangerang,Banten
15340,Mekarwangi,Cisauk,Kab.,Tangerang,Banten
15341,Cisauk,Cisauk,Kab.,Tangerang,Banten
15342,Dangdang,Cisauk,Kab.,Tangerang,Banten
15343,Suradita,Cisauk,Kab.,Tangerang,Banten
15344,Cibogo,Cisauk,Kab.,Tangerang,Banten
15345,Sampora,Cisauk,Kab.,Tangerang,Banten
15510,Babakan Asem,Teluknaga,Kab.,Tangerang,Banten
15510,Bojong Renged,Teluknaga,Kab.,Tangerang,Banten
15510,Kampung Besar,Teluknaga,Kab.,Tangerang,Banten
15510,Kampung Melayu Barat,Teluknaga,Kab.,Tangerang,Banten
15510,Kampung Melayu Timur,Teluknaga,Kab.,Tangerang,Banten
15510,Kebon Cau,Teluknaga,Kab.,Tangerang,Banten
15510,Lemo,Teluknaga,Kab.,Tangerang,Banten
15510,Muara,Teluknaga,Kab.,Tangerang,Banten
15510,Pangkalan,Teluknaga,Kab.,Tangerang,Banten
15510,Tanjung Burung,Teluknaga,Kab.,Tangerang,Banten
15510,Tanjung Pasir,Teluknaga,Kab.,Tangerang,Banten
15510,Tegal Angus,Teluknaga,Kab.,Tangerang,Banten
15510,Teluk Naga,Teluknaga,Kab.,Tangerang,Banten
15520,Gempol Sari,Sepatan Timur,Kab.,Tangerang,Banten
15520,Jati Mulya,Sepatan Timur,Kab.,Tangerang,Banten
15520,Kampung Kelor,Sepatan Timur,Kab.,Tangerang,Banten
15520,Karet,Sepatan,Kab.,Tangerang,Banten
15520,Kayu Agung,Sepatan,Kab.,Tangerang,Banten
15520,Kayu Bongkok,Sepatan,Kab.,Tangerang,Banten
15520,Kedaung Barat,Sepatan Timur,Kab.,Tangerang,Banten
15520,Lebak Wangi,Sepatan Timur,Kab.,Tangerang,Banten
15520,Mekar Jaya,Sepatan,Kab.,Tangerang,Banten
15520,Pisangan Jaya,Sepatan,Kab.,Tangerang,Banten
15520,Pondok Jaya,Sepatan,Kab.,Tangerang,Banten
15520,Pondok Kelor,Sepatan Timur,Kab.,Tangerang,Banten
15520,Sangiang,Sepatan Timur,Kab.,Tangerang,Banten
15520,Sarakan,Sepatan,Kab.,Tangerang,Banten
15520,Sepatan,Sepatan,Kab.,Tangerang,Banten
15520,Tanah Merah,Sepatan Timur,Kab.,Tangerang,Banten
15530,Banyu Asih,Mauk,Kab.,Tangerang,Banten
15530,Buaran Jati,Sukadiri,Kab.,Tangerang,Banten
15530,Gintung,Sukadiri,Kab.,Tangerang,Banten
15530,Gunung Sari,Mauk,Kab.,Tangerang,Banten
15530,Jati Waringin,Mauk,Kab.,Tangerang,Banten
15530,Karang Anyar,Kemiri,Kab.,Tangerang,Banten
15530,Karang Serang,Sukadiri,Kab.,Tangerang,Banten
15530,Kedung Dalem,Mauk,Kab.,Tangerang,Banten
15530,Kemiri,Kemiri,Kab.,Tangerang,Banten
15530,Ketapang,Mauk,Kab.,Tangerang,Banten
15530,Kjlebet (Kelebet),Kemiri,Kab.,Tangerang,Banten
15530,Kosambi,Sukadiri,Kab.,Tangerang,Banten
15530,Legok Sula Maju,Kemiri,Kab.,Tangerang,Banten
15530,Lontar,Kemiri,Kab.,Tangerang,Banten
15530,Marga Mulya,Mauk,Kab.,Tangerang,Banten
15530,Mauk Barat,Mauk,Kab.,Tangerang,Banten
15530,Mauk Timur,Mauk,Kab.,Tangerang,Banten
15530,Mekar Kondang,Sukadiri,Kab.,Tangerang,Banten
15530,Patra Manggala,Kemiri,Kab.,Tangerang,Banten
15530,Pekayon,Sukadiri,Kab.,Tangerang,Banten
15530,Ranca Labuh,Kemiri,Kab.,Tangerang,Banten
15530,Rawa Kidang,Sukadiri,Kab.,Tangerang,Banten
15530,Sasak,Mauk,Kab.,Tangerang,Banten
15530,Sukadiri,Sukadiri,Kab.,Tangerang,Banten
15530,Tanjung Anom,Mauk,Kab.,Tangerang,Banten
15530,Tegal Kunir Kidul,Mauk,Kab.,Tangerang,Banten
15530,Tegal Kunir Lor,Mauk,Kab.,Tangerang,Banten
15540,Badak Anom,Sindang Jaya,Kab.,Tangerang,Banten
15540,Daon,Rajeg,Kab.,Tangerang,Banten
15540,Jambu Karya,Rajeg,Kab.,Tangerang,Banten
15540,Lembang Sari,Rajeg,Kab.,Tangerang,Banten
15540,Mekarsari,Rajeg,Kab.,Tangerang,Banten
15540,Pangarengan,Rajeg,Kab.,Tangerang,Banten
15540,Rajeg,Rajeg,Kab.,Tangerang,Banten
15540,Rajegmulya,Rajeg,Kab.,Tangerang,Banten
15540,Ranca Bango,Rajeg,Kab.,Tangerang,Banten
15540,Suka Manah,Rajeg,Kab.,Tangerang,Banten
15540,Suka Sari,Rajeg,Kab.,Tangerang,Banten
15540,Suka Tani,Rajeg,Kab.,Tangerang,Banten
15540,Tanjakan,Rajeg,Kab.,Tangerang,Banten
15540,Tanjakan Mekar,Rajeg,Kab.,Tangerang,Banten
15550,Bakung,Kronjo,Kab.,Tangerang,Banten
15550,Blukbuk,Kronjo,Kab.,Tangerang,Banten
15550,Cirumpak,Kronjo,Kab.,Tangerang,Banten
15550,Kronjo,Kronjo,Kab.,Tangerang,Banten
15550,Muncung,Kronjo,Kab.,Tangerang,Banten
15550,Pagedangan Ilir,Kronjo,Kab.,Tangerang,Banten
15550,Pagedangan Udik,Kronjo,Kab.,Tangerang,Banten
15550,Pagenjahan,Kronjo,Kab.,Tangerang,Banten
15550,Pasilian,Kronjo,Kab.,Tangerang,Banten
15550,Pasir,Kronjo,Kab.,Tangerang,Banten
15560,Sindang Asih,Sindang Jaya,Kab.,Tangerang,Banten
15560,Sindang Jaya,Sindang Jaya,Kab.,Tangerang,Banten
15560,Sindang Panon,Sindang Jaya,Kab.,Tangerang,Banten
15560,Sindang Sono,Sindang Jaya,Kab.,Tangerang,Banten
15560,Suka Harja,Sindang Jaya,Kab.,Tangerang,Banten
15560,Wana Kerta,Sindang Jaya,Kab.,Tangerang,Banten
15570,Buaran Bambu,Pakuhaji,Kab.,Tangerang,Banten
15570,Buaran Mangga,Pakuhaji,Kab.,Tangerang,Banten
15570,Bunisari (Bonasari),Pakuhaji,Kab.,Tangerang,Banten
15570,Gaga,Pakuhaji,Kab.,Tangerang,Banten
15570,Kalibaru,Pakuhaji,Kab.,Tangerang,Banten
15570,Kiara Payung,Pakuhaji,Kab.,Tangerang,Banten
15570,Kohod,Pakuhaji,Kab.,Tangerang,Banten
15570,Kramat,Pakuhaji,Kab.,Tangerang,Banten
15570,Laksana,Pakuhaji,Kab.,Tangerang,Banten
15570,Paku Alam,Pakuhaji,Kab.,Tangerang,Banten
15570,Pakuhaji,Pakuhaji,Kab.,Tangerang,Banten
15570,Rawa Boni,Pakuhaji,Kab.,Tangerang,Banten
15570,Sukawali,Pakuhaji,Kab.,Tangerang,Banten
15570,Surya Bahari,Pakuhaji,Kab.,Tangerang,Banten
15610,Balaraja,Balaraja,Kab.,Tangerang,Banten
15610,Benda,Sukamulya,Kab.,Tangerang,Banten
15610,Bunar,Sukamulya,Kab.,Tangerang,Banten
15610,Buni Ayu,Sukamulya,Kab.,Tangerang,Banten
15610,Cangkudu,Balaraja,Kab.,Tangerang,Banten
15610,Cikande,Jayanti,Kab.,Tangerang,Banten
15610,Dang Deur,Jayanti,Kab.,Tangerang,Banten
15610,Gembong,Balaraja,Kab.,Tangerang,Banten
15610,Jayanti,Jayanti,Kab.,Tangerang,Banten
15610,Kali Asin,Sukamulya,Kab.,Tangerang,Banten
15610,Kubang,Sukamulya,Kab.,Tangerang,Banten
15610,Merak,Sukamulya,Kab.,Tangerang,Banten
15610,Pabuaran,Jayanti,Kab.,Tangerang,Banten
15610,Pangkat,Jayanti,Kab.,Tangerang,Banten
15610,Parahu,Sukamulya,Kab.,Tangerang,Banten
15610,Pasir Gintung,Jayanti,Kab.,Tangerang,Banten
15610,Pasir Muncang,Jayanti,Kab.,Tangerang,Banten
15610,Saga,Balaraja,Kab.,Tangerang,Banten
15610,Sentul,Balaraja,Kab.,Tangerang,Banten
15610,Sentul Jaya,Balaraja,Kab.,Tangerang,Banten
15610,Suka Mulya,Sukamulya,Kab.,Tangerang,Banten
15610,Suka Murni,Balaraja,Kab.,Tangerang,Banten
15610,Sumur Bandung,Jayanti,Kab.,Tangerang,Banten
15610,Talagasari,Balaraja,Kab.,Tangerang,Banten
15610,Tobat,Balaraja,Kab.,Tangerang,Banten
15620,Jengkol,Kresek,Kab.,Tangerang,Banten
15620,Kemuning,Kresek,Kab.,Tangerang,Banten
15620,Koper,Kresek,Kab.,Tangerang,Banten
15620,Kresek,Kresek,Kab.,Tangerang,Banten
15620,Pasir Ampo,Kresek,Kab.,Tangerang,Banten
15620,Patra Sana,Kresek,Kab.,Tangerang,Banten
15620,Ranca Ilat,Kresek,Kab.,Tangerang,Banten
15620,Renged,Kresek,Kab.,Tangerang,Banten
15620,Talok,Kresek,Kab.,Tangerang,Banten
15710,Bitung Jaya,Cikupa,Kab.,Tangerang,Banten
15710,Bojong,Cikupa,Kab.,Tangerang,Banten
15710,Budi Mulya,Cikupa,Kab.,Tangerang,Banten
15710,Bunder,Cikupa,Kab.,Tangerang,Banten
15710,Ciakar,Panongan,Kab.,Tangerang,Banten
15710,Cibadak,Cikupa,Kab.,Tangerang,Banten
15710,Cikupa,Cikupa,Kab.,Tangerang,Banten
15710,Dukuh,Cikupa,Kab.,Tangerang,Banten
15710,Mekar Bakti,Panongan,Kab.,Tangerang,Banten
15710,Mekar Jaya,Panongan,Kab.,Tangerang,Banten
15710,Panongan,Panongan,Kab.,Tangerang,Banten
15710,Pasir Gadung,Cikupa,Kab.,Tangerang,Banten
15710,Pasir Jaya,Cikupa,Kab.,Tangerang,Banten
15710,Peusar,Panongan,Kab.,Tangerang,Banten
15710,Ranca Iyuh,Panongan,Kab.,Tangerang,Banten
15710,Ranca Kalapa,Panongan,Kab.,Tangerang,Banten
15710,Serdang Kulon,Panongan,Kab.,Tangerang,Banten
15710,Suka Damai,Cikupa,Kab.,Tangerang,Banten
15710,Suka Mulya,Cikupa,Kab.,Tangerang,Banten
15710,Suka Nagara,Cikupa,Kab.,Tangerang,Banten
15710,Talaga,Cikupa,Kab.,Tangerang,Banten
15710,Talaga Sari,Cikupa,Kab.,Tangerang,Banten
15720,Ancol Pasir,Jambe,Kab.,Tangerang,Banten
15720,Bantar Panjang,Tigaraksa,Kab.,Tangerang,Banten
15720,Cileles,Tigaraksa,Kab.,Tangerang,Banten
15720,Cisereh,Tigaraksa,Kab.,Tangerang,Banten
15720,Daru,Jambe,Kab.,Tangerang,Banten
15720,Jambe,Jambe,Kab.,Tangerang,Banten
15720,Kadu Agung,Tigaraksa,Kab.,Tangerang,Banten
15720,Kutruk,Jambe,Kab.,Tangerang,Banten
15720,Marga Sari,Tigaraksa,Kab.,Tangerang,Banten
15720,Mata Gara,Tigaraksa,Kab.,Tangerang,Banten
15720,Mekarsari,Jambe,Kab.,Tangerang,Banten
15720,Pasir Barat,Jambe,Kab.,Tangerang,Banten
15720,Pasir Bolang,Tigaraksa,Kab.,Tangerang,Banten
15720,Pasir Nangka,Tigaraksa,Kab.,Tangerang,Banten
15720,Pematang,Tigaraksa,Kab.,Tangerang,Banten
15720,Pete,Tigaraksa,Kab.,Tangerang,Banten
15720,Rancabuaya,Jambe,Kab.,Tangerang,Banten
15720,Sodong,Tigaraksa,Kab.,Tangerang,Banten
15720,Suka Manah,Jambe,Kab.,Tangerang,Banten
15720,Taban,Jambe,Kab.,Tangerang,Banten
15720,Tapos,Tigaraksa,Kab.,Tangerang,Banten
15720,Tegalsari,Tigaraksa,Kab.,Tangerang,Banten
15720,Tigaraksa,Tigaraksa,Kab.,Tangerang,Banten
15720,Tipar Jaya (Tiparraya),Jambe,Kab.,Tangerang,Banten
15730,Bojongloa,Cisoka,Kab.,Tangerang,Banten
15730,Carenang,Cisoka,Kab.,Tangerang,Banten
15730,Caringin,Cisoka,Kab.,Tangerang,Banten
15730,Cempaka,Cisoka,Kab.,Tangerang,Banten
15730,Cibugel,Cisoka,Kab.,Tangerang,Banten
15730,Cikareo,Solear,Kab.,Tangerang,Banten
15730,Cikasungka,Solear,Kab.,Tangerang,Banten
15730,Cikuya,Solear,Kab.,Tangerang,Banten
15730,Cireundeu,Solear,Kab.,Tangerang,Banten
15730,Cisoka,Cisoka,Kab.,Tangerang,Banten
15730,Jeung Jing,Cisoka,Kab.,Tangerang,Banten
15730,Karangharja,Cisoka,Kab.,Tangerang,Banten
15730,Munjul,Solear,Kab.,Tangerang,Banten
15730,Pasanggrahan,Solear,Kab.,Tangerang,Banten
15730,Selapajang,Cisoka,Kab.,Tangerang,Banten
15730,Solear,Solear,Kab.,Tangerang,Banten
15730,Sukatani,Cisoka,Kab.,Tangerang,Banten
15810,Bencongan,Kelapa Dua,Kab.,Tangerang,Banten
15810,Bencongan Indah,Kelapa Dua,Kab.,Tangerang,Banten
15810,Binong,Curug,Kab.,Tangerang,Banten
15810,Bojong Nangka,Kelapa Dua,Kab.,Tangerang,Banten
15810,Cukang Galih,Curug,Kab.,Tangerang,Banten
15810,Curug Kulon,Curug,Kab.,Tangerang,Banten
15810,Curug Sangerang (Curug Sangereng),Kelapa Dua,Kab.,Tangerang,Banten
15810,Curug Wetan,Curug,Kab.,Tangerang,Banten
15810,Kadu,Curug,Kab.,Tangerang,Banten
15810,Kadu Jaya,Curug,Kab.,Tangerang,Banten
15810,Kelapa Dua,Kelapa Dua,Kab.,Tangerang,Banten
15810,Pakulonan Barat,Kelapa Dua,Kab.,Tangerang,Banten
15810,Suka Bakti,Curug,Kab.,Tangerang,Banten
15820,Babakan,Legok,Kab.,Tangerang,Banten
15820,Babat,Legok,Kab.,Tangerang,Banten
15820,Bojong Kamal,Legok,Kab.,Tangerang,Banten
15820,Caringin,Legok,Kab.,Tangerang,Banten
15820,Ciangir,Legok,Kab.,Tangerang,Banten
15820,Cirarab,Legok,Kab.,Tangerang,Banten
15820,Kamuning (Kemuning),Legok,Kab.,Tangerang,Banten
15820,Legok,Legok,Kab.,Tangerang,Banten
15820,Pala Sari,Legok,Kab.,Tangerang,Banten
15820,Rancagong,Legok,Kab.,Tangerang,Banten
15820,Serdang Wetan,Legok,Kab.,Tangerang,Banten
15220,Pondok Jaya,Pondok Aren,Kota,Tangerang Selatan,Banten
15221,Pondok Betung,Pondok Aren,Kota,Tangerang Selatan,Banten
15222,Jurang Mangu Timur,Pondok Aren,Kota,Tangerang Selatan,Banten
15223,Jurang Mangu Barat,Pondok Aren,Kota,Tangerang Selatan,Banten
15224,Pondok Aren,Pondok Aren,Kota,Tangerang Selatan,Banten
15225,Pondok Karya,Pondok Aren,Kota,Tangerang Selatan,Banten
15226,Pondok Kacang Barat,Pondok Aren,Kota,Tangerang Selatan,Banten
15226,Pondok Kacang Timur,Pondok Aren,Kota,Tangerang Selatan,Banten
15227,Perigi Lama,Pondok Aren,Kota,Tangerang Selatan,Banten
15228,Perigi Baru,Pondok Aren,Kota,Tangerang Selatan,Banten
15229,Pondok Pucung,Pondok Aren,Kota,Tangerang Selatan,Banten
15310,Buaran,Serpong,Kota,Tangerang Selatan,Banten
15310,Ciater,Serpong,Kota,Tangerang Selatan,Banten
15310,Cilenggang,Serpong,Kota,Tangerang Selatan,Banten
15310,Rawa Mekar Jaya,Serpong,Kota,Tangerang Selatan,Banten
15311,Serpong,Serpong,Kota,Tangerang Selatan,Banten
15312,Kranggan,Setu,Kota,Tangerang Selatan,Banten
15313,Kademangan,Setu,Kota,Tangerang Selatan,Banten
15314,Muncul,Setu,Kota,Tangerang Selatan,Banten
15314,Setu,Setu,Kota,Tangerang Selatan,Banten
15315,Babakan,Setu,Kota,Tangerang Selatan,Banten
15315,Bakti Jaya,Setu,Kota,Tangerang Selatan,Banten
15318,Rawa Buntu,Serpong,Kota,Tangerang Selatan,Banten
15320,Lengkong Karya,Serpong Utara,Kota,Tangerang Selatan,Banten
15320,Pakualam,Serpong Utara,Kota,Tangerang Selatan,Banten
15321,Lengkong Gudang,Serpong,Kota,Tangerang Selatan,Banten
15321,Lengkong Gudang Timur,Serpong,Kota,Tangerang Selatan,Banten
15322,Lengkong Wetan,Serpong,Kota,Tangerang Selatan,Banten
15323,Jelupang,Serpong Utara,Kota,Tangerang Selatan,Banten
15324,Paku Jaya,Serpong Utara,Kota,Tangerang Selatan,Banten
15325,Pakulonan,Serpong Utara,Kota,Tangerang Selatan,Banten
15326,Pondok Jagung,Serpong Utara,Kota,Tangerang Selatan,Banten
15326,Pondok Jagung Timur,Serpong Utara,Kota,Tangerang Selatan,Banten
15411,Cipayung,Ciputat,Kota,Tangerang Selatan,Banten
15411,Ciputat,Ciputat,Kota,Tangerang Selatan,Banten
15412,Cempaka Putih,Ciputat Timur,Kota,Tangerang Selatan,Banten
15412,Pondok Ranji,Ciputat Timur,Kota,Tangerang Selatan,Banten
15412,Rempoa,Ciputat Timur,Kota,Tangerang Selatan,Banten
15412,Rengas,Ciputat Timur,Kota,Tangerang Selatan,Banten
15413,Sawah Baru,Ciputat,Kota,Tangerang Selatan,Banten
15413,Sawah Lama,Ciputat,Kota,Tangerang Selatan,Banten
15414,Jombang,Ciputat,Kota,Tangerang Selatan,Banten
15414,Sarua (Serua),Ciputat,Kota,Tangerang Selatan,Banten
15414,Sarua Indah,Ciputat,Kota,Tangerang Selatan,Banten
15415,Bambu Apus,Pamulang,Kota,Tangerang Selatan,Banten
15415,Kedaung,Pamulang,Kota,Tangerang Selatan,Banten
15416,Pondok Benda,Pamulang,Kota,Tangerang Selatan,Banten
15417,Pamulang Barat,Pamulang,Kota,Tangerang Selatan,Banten
15417,Pamulang Timur,Pamulang,Kota,Tangerang Selatan,Banten
15418,Benda Baru,Pamulang,Kota,Tangerang Selatan,Banten
15418,Pondok Cabe Ilir,Pamulang,Kota,Tangerang Selatan,Banten
15418,Pondok Cabe Udik,Pamulang,Kota,Tangerang Selatan,Banten
15419,Cireundeu,Ciputat Timur,Kota,Tangerang Selatan,Banten
15419,Pisangan,Ciputat Timur,Kota,Tangerang Selatan,Banten
11110,Pinangsia,Taman Sari,Kota,Jakarta Barat,DKI Jakarta
11120,Glodok,Taman Sari,Kota,Jakarta Barat,DKI Jakarta
11130,Keagungan,Taman Sari,Kota,Jakarta Barat,DKI Jakarta
11140,Krukut,Taman Sari,Kota,Jakarta Barat,DKI Jakarta
11150,Taman Sari,Taman Sari,Kota,Jakarta Barat,DKI Jakarta
11160,Maphar,Taman Sari,Kota,Jakarta Barat,DKI Jakarta
11170,Tangki,Taman Sari,Kota,Jakarta Barat,DKI Jakarta
11180,Mangga Besar,Taman Sari,Kota,Jakarta Barat,DKI Jakarta
11210,Tanah Sereal,Tambora,Kota,Jakarta Barat,DKI Jakarta
11220,Tambora,Tambora,Kota,Jakarta Barat,DKI Jakarta
11230,Roa Malaka,Tambora,Kota,Jakarta Barat,DKI Jakarta
11240,Pekojan,Tambora,Kota,Jakarta Barat,DKI Jakarta
11250,Jembatan Lima,Tambora,Kota,Jakarta Barat,DKI Jakarta
11260,Krendang,Tambora,Kota,Jakarta Barat,DKI Jakarta
11270,Duri Selatan,Tambora,Kota,Jakarta Barat,DKI Jakarta
11270,Duri Utara,Tambora,Kota,Jakarta Barat,DKI Jakarta
11310,Kali Anyar,Tambora,Kota,Jakarta Barat,DKI Jakarta
11320,Jembatan Besi,Tambora,Kota,Jakarta Barat,DKI Jakarta
11330,Angke,Tambora,Kota,Jakarta Barat,DKI Jakarta
11410,Slipi,Palmerah,Kota,Jakarta Barat,DKI Jakarta
11420,Kota Bambu Selatan,Palmerah,Kota,Jakarta Barat,DKI Jakarta
11420,Kota Bambu Utara,Palmerah,Kota,Jakarta Barat,DKI Jakarta
11430,Jatipulo,Palmerah,Kota,Jakarta Barat,DKI Jakarta
11440,Tomang,Grogol Petamburan,Kota,Jakarta Barat,DKI Jakarta
11450,Grogol,Grogol Petamburan,Kota,Jakarta Barat,DKI Jakarta
11460,Jelambar,Grogol Petamburan,Kota,Jakarta Barat,DKI Jakarta
11460,Jelambar Baru,Grogol Petamburan,Kota,Jakarta Barat,DKI Jakarta
11460,Wijaya Kusuma,Grogol Petamburan,Kota,Jakarta Barat,DKI Jakarta
11470,Tanjung Duren Selatan,Grogol Petamburan,Kota,Jakarta Barat,DKI Jakarta
11470,Tanjung Duren Utara,Grogol Petamburan,Kota,Jakarta Barat,DKI Jakarta
11480,Kemanggisan,Palmerah,Kota,Jakarta Barat,DKI Jakarta
11480,Palmerah,Palmerah,Kota,Jakarta Barat,DKI Jakarta
11510,Duri Kepa,Kebon Jeruk,Kota,Jakarta Barat,DKI Jakarta
11520,Kedoya Selatan,Kebon Jeruk,Kota,Jakarta Barat,DKI Jakarta
11520,Kedoya Utara,Kebon Jeruk,Kota,Jakarta Barat,DKI Jakarta
11530,Kebon Jeruk,Kebon Jeruk,Kota,Jakarta Barat,DKI Jakarta
11540,Sukabumi Utara (Ilir),Kebon Jeruk,Kota,Jakarta Barat,DKI Jakarta
11550,Kelapa Dua,Kebon Jeruk,Kota,Jakarta Barat,DKI Jakarta
11560,Sukabumi Selatan (Udik),Kebon Jeruk,Kota,Jakarta Barat,DKI Jakarta
11610,Kembangan Selatan,Kembangan,Kota,Jakarta Barat,DKI Jakarta
11610,Kembangan Utara,Kembangan,Kota,Jakarta Barat,DKI Jakarta
11620,Meruya Utara (Ilir),Kembangan,Kota,Jakarta Barat,DKI Jakarta
11630,Srengseng,Kembangan,Kota,Jakarta Barat,DKI Jakarta
11640,Joglo,Kembangan,Kota,Jakarta Barat,DKI Jakarta
11650,Meruya Selatan (Udik),Kembangan,Kota,Jakarta Barat,DKI Jakarta
11710,Kedaung Kali Angke,Cengkareng,Kota,Jakarta Barat,DKI Jakarta
11720,Kapuk,Cengkareng,Kota,Jakarta Barat,DKI Jakarta
11730,Cengkareng Barat,Cengkareng,Kota,Jakarta Barat,DKI Jakarta
11730,Cengkareng Timur,Cengkareng,Kota,Jakarta Barat,DKI Jakarta
11740,Rawa Buaya,Cengkareng,Kota,Jakarta Barat,DKI Jakarta
11750,Duri Kosambi,Cengkareng,Kota,Jakarta Barat,DKI Jakarta
11810,Kamal,Kalideres,Kota,Jakarta Barat,DKI Jakarta
11820,Tegal Alur,Kalideres,Kota,Jakarta Barat,DKI Jakarta
11830,Pegadungan,Kalideres,Kota,Jakarta Barat,DKI Jakarta
11840,Kalideres,Kalideres,Kota,Jakarta Barat,DKI Jakarta
11850,Semanan,Kalideres,Kota,Jakarta Barat,DKI Jakarta
10110,Gambir,Gambir,Kota,Jakarta Pusat,DKI Jakarta
10120,Kebon Kelapa,Gambir,Kota,Jakarta Pusat,DKI Jakarta
10130,Petojo Utara,Gambir,Kota,Jakarta Pusat,DKI Jakarta
10140,Duri Pulo,Gambir,Kota,Jakarta Pusat,DKI Jakarta
10150,Cideng,Gambir,Kota,Jakarta Pusat,DKI Jakarta
10160,Petojo Selatan,Gambir,Kota,Jakarta Pusat,DKI Jakarta
10210,Bendungan Hilir,Tanah Abang,Kota,Jakarta Pusat,DKI Jakarta
10220,Karet Tengsin,Tanah Abang,Kota,Jakarta Pusat,DKI Jakarta
10230,Kebon Melati,Tanah Abang,Kota,Jakarta Pusat,DKI Jakarta
10240,Kebon Kacang,Tanah Abang,Kota,Jakarta Pusat,DKI Jakarta
10250,Kampung Bali,Tanah Abang,Kota,Jakarta Pusat,DKI Jakarta
10260,Petamburan,Tanah Abang,Kota,Jakarta Pusat,DKI Jakarta
10270,Gelora,Tanah Abang,Kota,Jakarta Pusat,DKI Jakarta
10310,Menteng,Menteng,Kota,Jakarta Pusat,DKI Jakarta
10320,Pegangsaan,Menteng,Kota,Jakarta Pusat,DKI Jakarta
10330,Cikini,Menteng,Kota,Jakarta Pusat,DKI Jakarta
10340,Kebon Sirih,Menteng,Kota,Jakarta Pusat,DKI Jakarta
10350,Gondangdia,Menteng,Kota,Jakarta Pusat,DKI Jakarta
10410,Senen,Senen,Kota,Jakarta Pusat,DKI Jakarta
10420,Kwitang,Senen,Kota,Jakarta Pusat,DKI Jakarta
10430,Kenari,Senen,Kota,Jakarta Pusat,DKI Jakarta
10440,Paseban,Senen,Kota,Jakarta Pusat,DKI Jakarta
10450,Kramat,Senen,Kota,Jakarta Pusat,DKI Jakarta
10460,Bungur,Senen,Kota,Jakarta Pusat,DKI Jakarta
10510,Cempaka Putih Timur,Cempaka Putih,Kota,Jakarta Pusat,DKI Jakarta
10520,Cempaka Putih Barat,Cempaka Putih,Kota,Jakarta Pusat,DKI Jakarta
10530,Galur,Johar Baru,Kota,Jakarta Pusat,DKI Jakarta
10540,Tanah Tinggi,Johar Baru,Kota,Jakarta Pusat,DKI Jakarta
10550,Kampung Rawa,Johar Baru,Kota,Jakarta Pusat,DKI Jakarta
10560,Johar Baru,Johar Baru,Kota,Jakarta Pusat,DKI Jakarta
10570,Rawasari,Cempaka Putih,Kota,Jakarta Pusat,DKI Jakarta
10610,Gunung Sahari Selatan,Kemayoran,Kota,Jakarta Pusat,DKI Jakarta
10620,Kemayoran,Kemayoran,Kota,Jakarta Pusat,DKI Jakarta
10630,Kebon Kosong,Kemayoran,Kota,Jakarta Pusat,DKI Jakarta
10640,Cempaka Baru,Kemayoran,Kota,Jakarta Pusat,DKI Jakarta
10640,Harapan Mulya,Kemayoran,Kota,Jakarta Pusat,DKI Jakarta
10640,Sumur Batu,Kemayoran,Kota,Jakarta Pusat,DKI Jakarta
10650,Serdang,Kemayoran,Kota,Jakarta Pusat,DKI Jakarta
10650,Utan Panjang,Kemayoran,Kota,Jakarta Pusat,DKI Jakarta
10710,Pasar Baru,Sawah Besar,Kota,Jakarta Pusat,DKI Jakarta
10720,Gunung Sahari Utara,Sawah Besar,Kota,Jakarta Pusat,DKI Jakarta
10730,Mangga Dua Selatan,Sawah Besar,Kota,Jakarta Pusat,DKI Jakarta
10740,Karang Anyar,Sawah Besar,Kota,Jakarta Pusat,DKI Jakarta
10750,Kartini,Sawah Besar,Kota,Jakarta Pusat,DKI Jakarta
12110,Selong,Kebayoran Baru,Kota,Jakarta Selatan,DKI Jakarta
12120,Gunung,Kebayoran Baru,Kota,Jakarta Selatan,DKI Jakarta
12130,Kramat Pela,Kebayoran Baru,Kota,Jakarta Selatan,DKI Jakarta
12140,Gandaria Utara,Kebayoran Baru,Kota,Jakarta Selatan,DKI Jakarta
12150,Cipete Utara,Kebayoran Baru,Kota,Jakarta Selatan,DKI Jakarta
12160,Melawai,Kebayoran Baru,Kota,Jakarta Selatan,DKI Jakarta
12160,Pulo,Kebayoran Baru,Kota,Jakarta Selatan,DKI Jakarta
12170,Petogogan,Kebayoran Baru,Kota,Jakarta Selatan,DKI Jakarta
12180,Rawa Barat,Kebayoran Baru,Kota,Jakarta Selatan,DKI Jakarta
12190,Senayan,Kebayoran Baru,Kota,Jakarta Selatan,DKI Jakarta
12210,Grogol Utara,Kebayoran Lama,Kota,Jakarta Selatan,DKI Jakarta
12220,Grogol Selatan,Kebayoran Lama,Kota,Jakarta Selatan,DKI Jakarta
12230,Cipulir,Kebayoran Lama,Kota,Jakarta Selatan,DKI Jakarta
12240,Kebayoran Lama Selatan,Kebayoran Lama,Kota,Jakarta Selatan,DKI Jakarta
12240,Kebayoran Lama Utara,Kebayoran Lama,Kota,Jakarta Selatan,DKI Jakarta
12250,Ulujami,Pesanggrahan,Kota,Jakarta Selatan,DKI Jakarta
12260,Petukangan Utara,Pesanggrahan,Kota,Jakarta Selatan,DKI Jakarta
12270,Petukangan Selatan,Pesanggrahan,Kota,Jakarta Selatan,DKI Jakarta
12310,Pondok Pinang,Kebayoran Lama,Kota,Jakarta Selatan,DKI Jakarta
12320,Pesanggrahan,Pesanggrahan,Kota,Jakarta Selatan,DKI Jakarta
12330,Bintaro,Pesanggrahan,Kota,Jakarta Selatan,DKI Jakarta
12410,Cipete Selatan,Cilandak,Kota,Jakarta Selatan,DKI Jakarta
12420,Gandaria Selatan,Cilandak,Kota,Jakarta Selatan,DKI Jakarta
12430,Cilandak Barat,Cilandak,Kota,Jakarta Selatan,DKI Jakarta
12440,Lebak Bulus,Cilandak,Kota,Jakarta Selatan,DKI Jakarta
12450,Pondok Labu,Cilandak,Kota,Jakarta Selatan,DKI Jakarta
12510,Pejaten Barat,Pasar Minggu,Kota,Jakarta Selatan,DKI Jakarta
12510,Pejaten Timur,Pasar Minggu,Kota,Jakarta Selatan,DKI Jakarta
12520,Kebagusan,Pasar Minggu,Kota,Jakarta Selatan,DKI Jakarta
12520,Pasar Minggu,Pasar Minggu,Kota,Jakarta Selatan,DKI Jakarta
12530,Tanjung Barat,Jagakarsa,Kota,Jakarta Selatan,DKI Jakarta
12540,Jati Padang,Pasar Minggu,Kota,Jakarta Selatan,DKI Jakarta
12550,Ragunan,Pasar Minggu,Kota,Jakarta Selatan,DKI Jakarta
12560,Cilandak Timur,Pasar Minggu,Kota,Jakarta Selatan,DKI Jakarta
12620,Jagakarsa,Jagakarsa,Kota,Jakarta Selatan,DKI Jakarta
12630,Ciganjur,Jagakarsa,Kota,Jakarta Selatan,DKI Jakarta
12630,Cipedak,Jagakarsa,Kota,Jakarta Selatan,DKI Jakarta
12630,Lenteng Agung,Jagakarsa,Kota,Jakarta Selatan,DKI Jakarta
12640,Srengseng Sawah,Jagakarsa,Kota,Jakarta Selatan,DKI Jakarta
12710,Kuningan Barat,Mampang Prapatan,Kota,Jakarta Selatan,DKI Jakarta
12720,Pela Mampang,Mampang Prapatan,Kota,Jakarta Selatan,DKI Jakarta
12730,Bangka,Mampang Prapatan,Kota,Jakarta Selatan,DKI Jakarta
12740,Kalibata,Pancoran,Kota,Jakarta Selatan,DKI Jakarta
12750,Rawa Jati,Pancoran,Kota,Jakarta Selatan,DKI Jakarta
12760,Duren Tiga,Pancoran,Kota,Jakarta Selatan,DKI Jakarta
12770,Cikoko,Pancoran,Kota,Jakarta Selatan,DKI Jakarta
12770,Pengadegan,Pancoran,Kota,Jakarta Selatan,DKI Jakarta
12780,Pancoran,Pancoran,Kota,Jakarta Selatan,DKI Jakarta
12790,Mampang Prapatan,Mampang Prapatan,Kota,Jakarta Selatan,DKI Jakarta
12790,Tegal Parang,Mampang Prapatan,Kota,Jakarta Selatan,DKI Jakarta
12810,Tebet Barat,Tebet,Kota,Jakarta Selatan,DKI Jakarta
12820,Tebet Timur,Tebet,Kota,Jakarta Selatan,DKI Jakarta
12830,Kebon Baru,Tebet,Kota,Jakarta Selatan,DKI Jakarta
12840,Bukit Duri,Tebet,Kota,Jakarta Selatan,DKI Jakarta
12850,Manggarai,Tebet,Kota,Jakarta Selatan,DKI Jakarta
12860,Manggarai Selatan,Tebet,Kota,Jakarta Selatan,DKI Jakarta
12870,Menteng Dalam,Tebet,Kota,Jakarta Selatan,DKI Jakarta
13110,Pisangan Baru,Matraman,Kota,Jakarta Timur,DKI Jakarta
13120,Utan Kayu Selatan,Matraman,Kota,Jakarta Timur,DKI Jakarta
13120,Utan Kayu Utara,Matraman,Kota,Jakarta Timur,DKI Jakarta
13130,Kayu Manis,Matraman,Kota,Jakarta Timur,DKI Jakarta
13140,Pal Meriam,Matraman,Kota,Jakarta Timur,DKI Jakarta
13150,Kebon Manggis,Matraman,Kota,Jakarta Timur,DKI Jakarta
13210,Kayu Putih,Pulo Gadung,Kota,Jakarta Timur,DKI Jakarta
13220,Jati,Pulo Gadung,Kota,Jakarta Timur,DKI Jakarta
13220,Rawamangun,Pulo Gadung,Kota,Jakarta Timur,DKI Jakarta
13230,Pisangan Timur,Pulo Gadung,Kota,Jakarta Timur,DKI Jakarta
13240,Cipinang,Pulo Gadung,Kota,Jakarta Timur,DKI Jakarta
13250,Jatinegara Kaum,Pulo Gadung,Kota,Jakarta Timur,DKI Jakarta
13260,Pulo Gadung,Pulo Gadung,Kota,Jakarta Timur,DKI Jakarta
13310,Bali Mester,Jatinegara,Kota,Jakarta Timur,DKI Jakarta
13320,Kampung Melayu,Jatinegara,Kota,Jakarta Timur,DKI Jakarta
13330,Bidaracina,Jatinegara,Kota,Jakarta Timur,DKI Jakarta
13340,Cipinang Cempedak,Jatinegara,Kota,Jakarta Timur,DKI Jakarta
13350,Rawa Bunga,Jatinegara,Kota,Jakarta Timur,DKI Jakarta
13410,Cipinang Besar Selatan,Jatinegara,Kota,Jakarta Timur,DKI Jakarta
13410,Cipinang Besar Utara,Jatinegara,Kota,Jakarta Timur,DKI Jakarta
13420,Cipinang Muara,Jatinegara,Kota,Jakarta Timur,DKI Jakarta
13430,Pondok Bambu,Duren Sawit,Kota,Jakarta Timur,DKI Jakarta
13440,Duren Sawit,Duren Sawit,Kota,Jakarta Timur,DKI Jakarta
13450,Pondok Kelapa,Duren Sawit,Kota,Jakarta Timur,DKI Jakarta
13460,Malaka Jaya,Duren Sawit,Kota,Jakarta Timur,DKI Jakarta
13460,Malaka Sari,Duren Sawit,Kota,Jakarta Timur,DKI Jakarta
13460,Pondok Kopi,Duren Sawit,Kota,Jakarta Timur,DKI Jakarta
13470,Klender,Duren Sawit,Kota,Jakarta Timur,DKI Jakarta
13510,Kramat Jati,Kramat Jati,Kota,Jakarta Timur,DKI Jakarta
13520,Batuampar,Kramat Jati,Kota,Jakarta Timur,DKI Jakarta
13530,Balekambang,Kramat Jati,Kota,Jakarta Timur,DKI Jakarta
13540,Kampung Tengah,Kramat Jati,Kota,Jakarta Timur,DKI Jakarta
13550,Dukuh,Kramat Jati,Kota,Jakarta Timur,DKI Jakarta
13560,Pinang Ranti,Makasar,Kota,Jakarta Timur,DKI Jakarta
13570,Makasar,Makasar,Kota,Jakarta Timur,DKI Jakarta
13610,Halim Perdana Kusumah,Makasar,Kota,Jakarta Timur,DKI Jakarta
13620,Cipinang Melayu,Makasar,Kota,Jakarta Timur,DKI Jakarta
13630,Cawang,Kramat Jati,Kota,Jakarta Timur,DKI Jakarta
13640,Cililitan,Kramat Jati,Kota,Jakarta Timur,DKI Jakarta
13650,Kebon Pala,Makasar,Kota,Jakarta Timur,DKI Jakarta
13710,Pekayon,Pasar Rebo,Kota,Jakarta Timur,DKI Jakarta
13720,Cibubur,Ciracas,Kota,Jakarta Timur,DKI Jakarta
13730,Kelapa Dua Wetan,Ciracas,Kota,Jakarta Timur,DKI Jakarta
13740,Ciracas,Ciracas,Kota,Jakarta Timur,DKI Jakarta
13750,Susukan,Ciracas,Kota,Jakarta Timur,DKI Jakarta
13760,Gedong,Pasar Rebo,Kota,Jakarta Timur,DKI Jakarta
13770,Cijantung,Pasar Rebo,Kota,Jakarta Timur,DKI Jakarta
13780,Baru,Pasar Rebo,Kota,Jakarta Timur,DKI Jakarta
13790,Kalisari,Pasar Rebo,Kota,Jakarta Timur,DKI Jakarta
13810,Lubang Buaya,Cipayung,Kota,Jakarta Timur,DKI Jakarta
13820,Ceger,Cipayung,Kota,Jakarta Timur,DKI Jakarta
13830,Rambutan,Ciracas,Kota,Jakarta Timur,DKI Jakarta
13840,Cipayung,Cipayung,Kota,Jakarta Timur,DKI Jakarta
13850,Munjul,Cipayung,Kota,Jakarta Timur,DKI Jakarta
13860,Pondok Rangon,Cipayung,Kota,Jakarta Timur,DKI Jakarta
13870,Cilangkap,Cipayung,Kota,Jakarta Timur,DKI Jakarta
13880,Setu,Cipayung,Kota,Jakarta Timur,DKI Jakarta
13890,Bambu Apus,Cipayung,Kota,Jakarta Timur,DKI Jakarta
13910,Cakung Barat,Cakung,Kota,Jakarta Timur,DKI Jakarta
13910,Cakung Timur,Cakung,Kota,Jakarta Timur,DKI Jakarta
13920,Rawa Terate,Cakung,Kota,Jakarta Timur,DKI Jakarta
13930,Jatinegara,Cakung,Kota,Jakarta Timur,DKI Jakarta
13940,Penggilingan,Cakung,Kota,Jakarta Timur,DKI Jakarta
13950,Pulo Gebang,Cakung,Kota,Jakarta Timur,DKI Jakarta
13960,Ujung Menteng,Cakung,Kota,Jakarta Timur,DKI Jakarta
14110,Kali Baru,Cilincing,Kota,Jakarta Utara,DKI Jakarta
14120,Cilincing,Cilincing,Kota,Jakarta Utara,DKI Jakarta
14130,Semper Barat,Cilincing,Kota,Jakarta Utara,DKI Jakarta
14130,Semper Timur,Cilincing,Kota,Jakarta Utara,DKI Jakarta
14140,Rorotan,Cilincing,Kota,Jakarta Utara,DKI Jakarta
14140,Sukapura,Cilincing,Kota,Jakarta Utara,DKI Jakarta
14150,Marunda,Cilincing,Kota,Jakarta Utara,DKI Jakarta
14210,"Koja (Utara, Selatan)",Koja,Kota,Jakarta Utara,DKI Jakarta
14230,Rawa Badak Selatan,Koja,Kota,Jakarta Utara,DKI Jakarta
14230,Rawa Badak Utara,Koja,Kota,Jakarta Utara,DKI Jakarta
14240,Kelapa Gading Barat,Kelapa Gading,Kota,Jakarta Utara,DKI Jakarta
14240,Kelapa Gading Timur,Kelapa Gading,Kota,Jakarta Utara,DKI Jakarta
14250,Pegangsaan Dua,Kelapa Gading,Kota,Jakarta Utara,DKI Jakarta
14260,Tugu Selatan,Koja,Kota,Jakarta Utara,DKI Jakarta
14260,Tugu Utara,Koja,Kota,Jakarta Utara,DKI Jakarta
14270,Lagoa,Koja,Kota,Jakarta Utara,DKI Jakarta
14310,Tanjung Priok,Tanjung Priok,Kota,Jakarta Utara,DKI Jakarta
14320,Kebon Bawang,Tanjung Priok,Kota,Jakarta Utara,DKI Jakarta
14330,Sungai Bambu,Tanjung Priok,Kota,Jakarta Utara,DKI Jakarta
14340,Papanggo,Tanjung Priok,Kota,Jakarta Utara,DKI Jakarta
14350,Sunter Agung,Tanjung Priok,Kota,Jakarta Utara,DKI Jakarta
14360,Sunter Jaya,Tanjung Priok,Kota,Jakarta Utara,DKI Jakarta
14370,Warakas,Tanjung Priok,Kota,Jakarta Utara,DKI Jakarta
14410,Pademangan Timur,Pademangan,Kota,Jakarta Utara,DKI Jakarta
14420,Pademangan Barat,Pademangan,Kota,Jakarta Utara,DKI Jakarta
14430,Ancol,Pademangan,Kota,Jakarta Utara,DKI Jakarta
14440,Penjaringan,Penjaringan,Kota,Jakarta Utara,DKI Jakarta
14450,Pejagalan,Penjaringan,Kota,Jakarta Utara,DKI Jakarta
14450,Pluit,Penjaringan,Kota,Jakarta Utara,DKI Jakarta
14460,Kapuk Muara,Penjaringan,Kota,Jakarta Utara,DKI Jakarta
14470,Kamal Muara,Penjaringan,Kota,Jakarta Utara,DKI Jakarta
16411,Mekarjaya,Sukmajaya,Kota,Depok,Jawa Barat
16412,Sukmajaya,Sukmajaya,Kota,Depok,Jawa Barat
16412,Tirtajaya,Sukmajaya,Kota,Depok,Jawa Barat
16413,Jatimulya,Cilodong,Kota,Depok,Jawa Barat
16413,Kalimulya,Cilodong,Kota,Depok,Jawa Barat
16414,Cilodong,Cilodong,Kota,Depok,Jawa Barat
16414,Kalibaru,Cilodong,Kota,Depok,Jawa Barat
16415,Sukamaju,Cilodong,Kota,Depok,Jawa Barat
16416,Cisalak,Sukmajaya,Kota,Depok,Jawa Barat
16417,Abadijaya,Sukmajaya,Kota,Depok,Jawa Barat
16418,Baktijaya,Sukmajaya,Kota,Depok,Jawa Barat
16421,Beji,Beji,Kota,Depok,Jawa Barat
16422,Beji Timur,Beji,Kota,Depok,Jawa Barat
16423,Kemiri Muka,Beji,Kota,Depok,Jawa Barat
16424,Pondok Cina,Beji,Kota,Depok,Jawa Barat
16425,Kukusan,Beji,Kota,Depok,Jawa Barat
16426,Tanah Baru,Beji,Kota,Depok,Jawa Barat
16431,Depok,Pancoran Mas,Kota,Depok,Jawa Barat
16432,Depok Jaya,Pancoran Mas,Kota,Depok,Jawa Barat
16433,Mampang,Pancoran Mas,Kota,Depok,Jawa Barat
16434,Rangkapanjaya Baru,Pancoran Mas,Kota,Depok,Jawa Barat
16435,Rangkapanjaya,Pancoran Mas,Kota,Depok,Jawa Barat
16436,Bojong Pondok Terong,Cipayung,Kota,Depok,Jawa Barat
16436,Pancoran Mas,Pancoran Mas,Kota,Depok,Jawa Barat
16437,Cipayung,Cipayung,Kota,Depok,Jawa Barat
16437,Cipayung Jaya,Cipayung,Kota,Depok,Jawa Barat
16438,Pondokjaya,Cipayung,Kota,Depok,Jawa Barat
16439,Ratu Jaya,Cipayung,Kota,Depok,Jawa Barat
16451,Jatijajar,Tapos,Kota,Depok,Jawa Barat
16451,Pasir Gunung Selatan,Cimanggis,Kota,Depok,Jawa Barat
16451,Tugu,Cimanggis,Kota,Depok,Jawa Barat
16452,Cisalak Pasar,Cimanggis,Kota,Depok,Jawa Barat
16452,Mekarsari,Cimanggis,Kota,Depok,Jawa Barat
16453,Curug,Cimanggis,Kota,Depok,Jawa Barat
16454,Harjamukti,Cimanggis,Kota,Depok,Jawa Barat
16454,Sukatani,Tapos,Kota,Depok,Jawa Barat
16455,Sukamaju Baru,Tapos,Kota,Depok,Jawa Barat
16456,Leuwinanggung,Tapos,Kota,Depok,Jawa Barat
16457,Tapos,Tapos,Kota,Depok,Jawa Barat
16458,Cilangkap,Tapos,Kota,Depok,Jawa Barat
16459,Cimpaeun,Tapos,Kota,Depok,Jawa Barat
16511,Sawangan (Lama),Sawangan,Kota,Depok,Jawa Barat
16511,Sawangan Baru,Sawangan,Kota,Depok,Jawa Barat
16512,Gandul,Cinere,Kota,Depok,Jawa Barat
16512,Grogol,Limo,Kota,Depok,Jawa Barat
16512,Krukut,Limo,Kota,Depok,Jawa Barat
16513,Pangkalan Jati,Cinere,Kota,Depok,Jawa Barat
16513,Pangkalan Jati Baru,Cinere,Kota,Depok,Jawa Barat
16514,Cinere,Cinere,Kota,Depok,Jawa Barat
16515,Limo,Limo,Kota,Depok,Jawa Barat
16515,Meruyung,Limo,Kota,Depok,Jawa Barat
16516,Bojong Sari (Lama),Bojongsari,Kota,Depok,Jawa Barat
16516,Bojong Sari Baru,Bojongsari,Kota,Depok,Jawa Barat
16516,Cinangka,Sawangan,Kota,Depok,Jawa Barat
16516,Kedaung,Sawangan,Kota,Depok,Jawa Barat
16517,Curug,Bojongsari,Kota,Depok,Jawa Barat
16517,Pondok Petir,Bojongsari,Kota,Depok,Jawa Barat
16517,Serua,Bojongsari,Kota,Depok,Jawa Barat
16518,Duren Mekar,Bojongsari,Kota,Depok,Jawa Barat
16518,Duren Seribu,Bojongsari,Kota,Depok,Jawa Barat
16518,Pengasihan,Sawangan,Kota,Depok,Jawa Barat
16519,Bedahan,Sawangan,Kota,Depok,Jawa Barat
16519,Pasir Putih,Sawangan,Kota,Depok,Jawa Barat
17111,Aren Jaya,Bekasi Timur,Kota,Bekasi,Jawa Barat
17111,Duren Jaya,Bekasi Timur,Kota,Bekasi,Jawa Barat
17112,Bekasi Jaya,Bekasi Timur,Kota,Bekasi,Jawa Barat
17113,Margahayu,Bekasi Timur,Kota,Bekasi,Jawa Barat
17114,Sepanjang Jaya,Rawalumbu,Kota,Bekasi,Jawa Barat
17115,Pengasinan,Rawalumbu,Kota,Bekasi,Jawa Barat
17116,Bojong Rawalumbu,Rawalumbu,Kota,Bekasi,Jawa Barat
17117,Bojong Menteng,Rawalumbu,Kota,Bekasi,Jawa Barat
17121,Teluk Pucung,Bekasi Utara,Kota,Bekasi,Jawa Barat
17122,Perwira,Bekasi Utara,Kota,Bekasi,Jawa Barat
17123,Harapan Baru,Bekasi Utara,Kota,Bekasi,Jawa Barat
17124,Harapan Jaya,Bekasi Utara,Kota,Bekasi,Jawa Barat
17125,Kali Abang Tengah,Bekasi Utara,Kota,Bekasi,Jawa Barat
17131,Pejuang,Medan Satria,Kota,Bekasi,Jawa Barat
17132,Medan Satria,Medan Satria,Kota,Bekasi,Jawa Barat
17133,Kali Baru,Medan Satria,Kota,Bekasi,Jawa Barat
17133,Kota Baru,Bekasi Barat,Kota,Bekasi,Jawa Barat
17134,Bintara,Bekasi Barat,Kota,Bekasi,Jawa Barat
17135,Kranji,Bekasi Barat,Kota,Bekasi,Jawa Barat
17136,Bintara Jaya,Bekasi Barat,Kota,Bekasi,Jawa Barat
17141,Margajaya,Bekasi Selatan,Kota,Bekasi,Jawa Barat
17142,Marga Mulya,Bekasi Utara,Kota,Bekasi,Jawa Barat
17143,Harapan Mulya,Medan Satria,Kota,Bekasi,Jawa Barat
17144,Kayuringin Jaya,Bekasi Selatan,Kota,Bekasi,Jawa Barat
17145,Jaka Sampurna,Bekasi Barat,Kota,Bekasi,Jawa Barat
17146,Jaka Mulya,Bekasi Selatan,Kota,Bekasi,Jawa Barat
17147,Jaka Setia,Bekasi Selatan,Kota,Bekasi,Jawa Barat
17148,Pekayon Jaya,Bekasi Selatan,Kota,Bekasi,Jawa Barat
17151,Bantar Gebang,Bantar Gebang,Kota,Bekasi,Jawa Barat
17152,Cikiwul,Bantar Gebang,Kota,Bekasi,Jawa Barat
17153,Ciketing Udik,Bantar Gebang,Kota,Bekasi,Jawa Barat
17154,Sumur Batu,Bantar Gebang,Kota,Bekasi,Jawa Barat
17155,Cimuning,Mustika Jaya,Kota,Bekasi,Jawa Barat
17156,Pedurenan (Padurenan),Mustika Jaya,Kota,Bekasi,Jawa Barat
17157,Mustika Sari,Mustika Jaya,Kota,Bekasi,Jawa Barat
17158,Mustika Jaya,Mustika Jaya,Kota,Bekasi,Jawa Barat
17211,Segara Makmur,Tarumajaya,Kab.,Bekasi,Jawa Barat
17212,Pantai Makmur,Tarumajaya,Kab.,Bekasi,Jawa Barat
17213,Setia Mulya,Tarumajaya,Kab.,Bekasi,Jawa Barat
17214,Pusaka Rakyat,Tarumajaya,Kab.,Bekasi,Jawa Barat
17215,Setia Asih,Tarumajaya,Kab.,Bekasi,Jawa Barat
17216,Pahlawan Setia,Tarumajaya,Kab.,Bekasi,Jawa Barat
17217,Samudra Jaya,Tarumajaya,Kab.,Bekasi,Jawa Barat
17218,Segara Jaya,Tarumajaya,Kab.,Bekasi,Jawa Barat
17320,Burangkeng,Setu,Kab.,Bekasi,Jawa Barat
17320,Cibening,Setu,Kab.,Bekasi,Jawa Barat
17320,Cijengkol,Setu,Kab.,Bekasi,Jawa Barat
17320,Cikarageman,Setu,Kab.,Bekasi,Jawa Barat
17320,Cileduk,Setu,Kab.,Bekasi,Jawa Barat
17320,Kertarahayu,Setu,Kab.,Bekasi,Jawa Barat
17320,Lubangbuaya,Setu,Kab.,Bekasi,Jawa Barat
17320,Muktijaya,Setu,Kab.,Bekasi,Jawa Barat
17320,Ragemanunggal,Setu,Kab.,Bekasi,Jawa Barat
17320,Taman Rahayu,Setu,Kab.,Bekasi,Jawa Barat
17320,Taman Sari,Setu,Kab.,Bekasi,Jawa Barat
17330,Cilangkara,Serang Baru,Kab.,Bekasi,Jawa Barat
17330,Jaya Sampurna,Serang Baru,Kab.,Bekasi,Jawa Barat
17330,Jayamulya,Serang Baru,Kab.,Bekasi,Jawa Barat
17330,Nagacipta,Serang Baru,Kab.,Bekasi,Jawa Barat
17330,Nagasari,Serang Baru,Kab.,Bekasi,Jawa Barat
17330,Sirnajaya,Serang Baru,Kab.,Bekasi,Jawa Barat
17330,Sukaragam,Serang Baru,Kab.,Bekasi,Jawa Barat
17330,Sukasari,Serang Baru,Kab.,Bekasi,Jawa Barat
17340,Cibarusahjaya,Cibarusah,Kab.,Bekasi,Jawa Barat
17340,Cibarusahkota,Cibarusah,Kab.,Bekasi,Jawa Barat
17340,Ridogalih,Cibarusah,Kab.,Bekasi,Jawa Barat
17340,Ridomanah,Cibarusah,Kab.,Bekasi,Jawa Barat
17340,Sindangmulya,Cibarusah,Kab.,Bekasi,Jawa Barat
17340,Sirnajati,Cibarusah,Kab.,Bekasi,Jawa Barat
17340,Wibawamulya,Cibarusah,Kab.,Bekasi,Jawa Barat
17350,Karangindah,Bojongmangu,Kab.,Bekasi,Jawa Barat
17350,Medalkrisna,Bojongmangu,Kab.,Bekasi,Jawa Barat
17350,Sukabungah,Bojongmangu,Kab.,Bekasi,Jawa Barat
17350,Sukamukti,Bojongmangu,Kab.,Bekasi,Jawa Barat
17352,Bojongmanggu,Bojongmangu,Kab.,Bekasi,Jawa Barat
17356,Karangmulya,Bojongmangu,Kab.,Bekasi,Jawa Barat
17411,Jaticempaka,Pondok Gede,Kota,Bekasi,Jawa Barat
17411,Jatiwaringin,Pondok Gede,Kota,Bekasi,Jawa Barat
17412,Jatibening,Pondok Gede,Kota,Bekasi,Jawa Barat
17412,Jatibening Baru,Pondok Gede,Kota,Bekasi,Jawa Barat
17413,Jatimakmur,Pondok Gede,Kota,Bekasi,Jawa Barat
17414,Jati Rahayu,Pondok Melati,Kota,Bekasi,Jawa Barat
17414,Jatimelati,Pondok Melati,Kota,Bekasi,Jawa Barat
17415,Jatiwarna,Pondok Melati,Kota,Bekasi,Jawa Barat
17421,Jatikramat,Jatiasih,Kota,Bekasi,Jawa Barat
17422,Jati Mekar,Jatiasih,Kota,Bekasi,Jawa Barat
17423,Jatiasih,Jatiasih,Kota,Bekasi,Jawa Barat
17424,Jatirasa,Jatiasih,Kota,Bekasi,Jawa Barat
17425,Jatiluhur,Jatiasih,Kota,Bekasi,Jawa Barat
17426,Jatisari,Jatiasih,Kota,Bekasi,Jawa Barat
17431,Jatimurni,Pondok Melati,Kota,Bekasi,Jawa Barat
17510,Jalenjaya (Jejalenjaya),Tambun Utara,Kab.,Bekasi,Jawa Barat
17510,Jatimulya,Tambun Selatan,Kab.,Bekasi,Jawa Barat
17510,Karangsatria,Tambun Utara,Kab.,Bekasi,Jawa Barat
17510,Lambangjaya,Tambun Selatan,Kab.,Bekasi,Jawa Barat
17510,Lambangsari,Tambun Selatan,Kab.,Bekasi,Jawa Barat
17510,Mangunjaya,Tambun Selatan,Kab.,Bekasi,Jawa Barat
17510,Mekarsari,Tambun Selatan,Kab.,Bekasi,Jawa Barat
17510,Satriajaya,Tambun Utara,Kab.,Bekasi,Jawa Barat
17510,Satriamekar,Tambun Utara,Kab.,Bekasi,Jawa Barat
17510,Setiadarma,Tambun Selatan,Kab.,Bekasi,Jawa Barat
17510,Setiamekar,Tambun Selatan,Kab.,Bekasi,Jawa Barat
17510,Sriamur,Tambun Utara,Kab.,Bekasi,Jawa Barat
17510,Srijaya,Tambun Utara,Kab.,Bekasi,Jawa Barat
17510,Srimahi,Tambun Utara,Kab.,Bekasi,Jawa Barat
17510,Srimukti,Tambun Utara,Kab.,Bekasi,Jawa Barat
17510,Sumber Jaya,Tambun Selatan,Kab.,Bekasi,Jawa Barat
17510,Tambun,Tambun Selatan,Kab.,Bekasi,Jawa Barat
17510,Tridaya Sakti,Tambun Selatan,Kab.,Bekasi,Jawa Barat
17520,Cibuntu,Cibitung,Kab.,Bekasi,Jawa Barat
17520,Kerta Mukti,Cibitung,Kab.,Bekasi,Jawa Barat
17520,Muktiwari,Cibitung,Kab.,Bekasi,Jawa Barat
17520,Sarimukti,Cibitung,Kab.,Bekasi,Jawa Barat
17520,Sukajaya,Cibitung,Kab.,Bekasi,Jawa Barat
17520,Wanajaya,Cibitung,Kab.,Bekasi,Jawa Barat
17520,Wanasari,Cibitung,Kab.,Bekasi,Jawa Barat
17530,Ciantra,Cikarang Selatan,Kab.,Bekasi,Jawa Barat
17530,Cibatu,Cikarang Selatan,Kab.,Bekasi,Jawa Barat
17530,Cicau,Cikarang Pusat,Kab.,Bekasi,Jawa Barat
17530,Cikarang Kota,Cikarang Utara,Kab.,Bekasi,Jawa Barat
17530,Cikedokan,Cikarang Barat,Kab.,Bekasi,Jawa Barat
17530,Cipayung,Cikarang Timur,Kab.,Bekasi,Jawa Barat
17530,Danau Indah,Cikarang Barat,Kab.,Bekasi,Jawa Barat
17530,Gandamekar,Cikarang Barat,Kab.,Bekasi,Jawa Barat
17530,Gandasari,Cikarang Barat,Kab.,Bekasi,Jawa Barat
17530,Harja Mekar,Cikarang Utara,Kab.,Bekasi,Jawa Barat
17530,Hegarmanah,Cikarang Timur,Kab.,Bekasi,Jawa Barat
17530,Hegarmukti,Cikarang Pusat,Kab.,Bekasi,Jawa Barat
17530,Jatibaru,Cikarang Timur,Kab.,Bekasi,Jawa Barat
17530,Jatireja,Cikarang Timur,Kab.,Bekasi,Jawa Barat
17530,Jatiwangi,Cikarang Barat,Kab.,Bekasi,Jawa Barat
17530,Jayamukti,Cikarang Pusat,Kab.,Bekasi,Jawa Barat
17530,Kali Jaya,Cikarang Barat,Kab.,Bekasi,Jawa Barat
17530,Karang Bahagia,Karangbahagia,Kab.,Bekasi,Jawa Barat
17530,Karang Baru,Cikarang Utara,Kab.,Bekasi,Jawa Barat
17530,Karang Rahayu,Karangbahagia,Kab.,Bekasi,Jawa Barat
17530,Karang Sentosa,Karangbahagia,Kab.,Bekasi,Jawa Barat
17530,Karang Setra,Karangbahagia,Kab.,Bekasi,Jawa Barat
17530,Karang Setu,Karangbahagia,Kab.,Bekasi,Jawa Barat
17530,Karanganyar,Karangbahagia,Kab.,Bekasi,Jawa Barat
17530,Karangasih,Cikarang Utara,Kab.,Bekasi,Jawa Barat
17530,Karangmukti,Karangbahagia,Kab.,Bekasi,Jawa Barat
17530,Karangraharja,Cikarang Utara,Kab.,Bekasi,Jawa Barat
17530,Karangsari,Cikarang Timur,Kab.,Bekasi,Jawa Barat
17530,Labansari,Cikarang Timur,Kab.,Bekasi,Jawa Barat
17530,Mekar Wangi,Cikarang Barat,Kab.,Bekasi,Jawa Barat
17530,Mekarmukti,Cikarang Utara,Kab.,Bekasi,Jawa Barat
17530,Pasir Gombong,Cikarang Utara,Kab.,Bekasi,Jawa Barat
17530,Pasirpanji,Cikarang Pusat,Kab.,Bekasi,Jawa Barat
17530,Pasirsari,Cikarang Selatan,Kab.,Bekasi,Jawa Barat
17530,Pasirtanjung,Cikarang Pusat,Kab.,Bekasi,Jawa Barat
17530,Serang,Cikarang Selatan,Kab.,Bekasi,Jawa Barat
17530,Sertajaya,Cikarang Timur,Kab.,Bekasi,Jawa Barat
17530,Simpangan,Cikarang Utara,Kab.,Bekasi,Jawa Barat
17530,Sukadami,Cikarang Selatan,Kab.,Bekasi,Jawa Barat
17530,Sukadanau,Cikarang Barat,Kab.,Bekasi,Jawa Barat
17530,Sukamahi,Cikarang Pusat,Kab.,Bekasi,Jawa Barat
17530,Sukaraya,Karangbahagia,Kab.,Bekasi,Jawa Barat
17530,Sukaresmi,Cikarang Selatan,Kab.,Bekasi,Jawa Barat
17530,Sukasejati,Cikarang Selatan,Kab.,Bekasi,Jawa Barat
17530,Tanjungbaru,Cikarang Timur,Kab.,Bekasi,Jawa Barat
17530,Tanjungsari,Cikarang Utara,Kab.,Bekasi,Jawa Barat
17530,Telaga Asih,Cikarang Barat,Kab.,Bekasi,Jawa Barat
17530,Telaga Murni,Cikarang Barat,Kab.,Bekasi,Jawa Barat
17530,Telajung,Cikarang Barat,Kab.,Bekasi,Jawa Barat
17530,Waluya,Cikarang Utara,Kab.,Bekasi,Jawa Barat
17530,Wangunharja,Cikarang Utara,Kab.,Bekasi,Jawa Barat
17610,Babelan Kota,Babelan,Kab.,Bekasi,Jawa Barat
17610,Bahagia,Babelan,Kab.,Bekasi,Jawa Barat
17610,Buni Bakti,Babelan,Kab.,Bekasi,Jawa Barat
17610,Hurip Jaya,Babelan,Kab.,Bekasi,Jawa Barat
17610,Kebalen,Babelan,Kab.,Bekasi,Jawa Barat
17610,Kedung Pengawas,Babelan,Kab.,Bekasi,Jawa Barat
17610,Kedungjaya,Babelan,Kab.,Bekasi,Jawa Barat
17610,Muara Bakti,Babelan,Kab.,Bekasi,Jawa Barat
17610,Pantai Hurip,Babelan,Kab.,Bekasi,Jawa Barat
17620,Sukabakti,Tambelang,Kab.,Bekasi,Jawa Barat
17620,Sukabudi,Sukawangi,Kab.,Bekasi,Jawa Barat
17620,Sukadaya,Sukawangi,Kab.,Bekasi,Jawa Barat
17620,Sukakerta,Sukawangi,Kab.,Bekasi,Jawa Barat
17620,Sukamaju,Tambelang,Kab.,Bekasi,Jawa Barat
17620,Sukamantri,Tambelang,Kab.,Bekasi,Jawa Barat
17620,Sukamekar,Sukawangi,Kab.,Bekasi,Jawa Barat
17620,Sukarahayu,Tambelang,Kab.,Bekasi,Jawa Barat
17620,Sukaraja,Tambelang,Kab.,Bekasi,Jawa Barat
17620,Sukarapih,Tambelang,Kab.,Bekasi,Jawa Barat
17620,Sukaringin,Sukawangi,Kab.,Bekasi,Jawa Barat
17620,Sukatenang,Sukawangi,Kab.,Bekasi,Jawa Barat
17620,Sukawangi,Sukawangi,Kab.,Bekasi,Jawa Barat
17620,Sukawijaya,Tambelang,Kab.,Bekasi,Jawa Barat
17630,Banjar Sari,Sukatani,Kab.,Bekasi,Jawa Barat
17630,Suka Asih,Sukatani,Kab.,Bekasi,Jawa Barat
17630,Sukadarma,Sukatani,Kab.,Bekasi,Jawa Barat
17630,Sukahurip,Sukatani,Kab.,Bekasi,Jawa Barat
17630,Sukaindah,Sukakarya,Kab.,Bekasi,Jawa Barat
17630,Sukajadi,Sukakarya,Kab.,Bekasi,Jawa Barat
17630,Sukakarya,Sukakarya,Kab.,Bekasi,Jawa Barat
17630,Sukakersa,Sukakarya,Kab.,Bekasi,Jawa Barat
17630,Sukalaksana,Sukakarya,Kab.,Bekasi,Jawa Barat
17630,Sukamakmur,Sukakarya,Kab.,Bekasi,Jawa Barat
17630,Sukamanah,Sukatani,Kab.,Bekasi,Jawa Barat
17630,Sukamulya,Sukatani,Kab.,Bekasi,Jawa Barat
17630,Sukamurni,Sukakarya,Kab.,Bekasi,Jawa Barat
17630,Sukarukun,Sukatani,Kab.,Bekasi,Jawa Barat
17710,Bantarjaya,Pebayuran,Kab.,Bekasi,Jawa Barat
17710,Bantarsari,Pebayuran,Kab.,Bekasi,Jawa Barat
17710,Karang Harja,Pebayuran,Kab.,Bekasi,Jawa Barat
17710,Karanghaur,Pebayuran,Kab.,Bekasi,Jawa Barat
17710,Karangjaya,Pebayuran,Kab.,Bekasi,Jawa Barat
17710,Karangpatri,Pebayuran,Kab.,Bekasi,Jawa Barat
17710,Karangreja,Pebayuran,Kab.,Bekasi,Jawa Barat
17710,Karangsegar,Pebayuran,Kab.,Bekasi,Jawa Barat
17710,Kertajaya,Pebayuran,Kab.,Bekasi,Jawa Barat
17710,Kertasari,Pebayuran,Kab.,Bekasi,Jawa Barat
17710,Sumberreja,Pebayuran,Kab.,Bekasi,Jawa Barat
17710,Sumbersari,Pebayuran,Kab.,Bekasi,Jawa Barat
17710,Sumberurip,Pebayuran,Kab.,Bekasi,Jawa Barat
17720,Jaya Bakti,Cabangbungin,Kab.,Bekasi,Jawa Barat
17720,Jaya Laksana,Cabangbungin,Kab.,Bekasi,Jawa Barat
17720,Lenggah Jaya,Cabangbungin,Kab.,Bekasi,Jawa Barat
17720,Lenggah Sari,Cabangbungin,Kab.,Bekasi,Jawa Barat
17720,Setia Jaya,Cabangbungin,Kab.,Bekasi,Jawa Barat
17720,Setialaksana,Cabangbungin,Kab.,Bekasi,Jawa Barat
17720,Sindang Jaya,Cabangbungin,Kab.,Bekasi,Jawa Barat
17720,Sindangsari,Cabangbungin,Kab.,Bekasi,Jawa Barat
17730,Jayasakti,Muara Gembong,Kab.,Bekasi,Jawa Barat
17730,Pantai Bahagia,Muara Gembong,Kab.,Bekasi,Jawa Barat
17730,Pantai Bakti,Muara Gembong,Kab.,Bekasi,Jawa Barat
17730,Pantai Harapan Jaya,Muara Gembong,Kab.,Bekasi,Jawa Barat
17730,Pantai Mekar,Muara Gembong,Kab.,Bekasi,Jawa Barat
17730,Pantai Sederhana,Muara Gembong,Kab.,Bekasi,Jawa Barat
16110,Ciadeg,Cigombong,Kab.,Bogor,Jawa Barat
16110,Ciburayut,Cigombong,Kab.,Bogor,Jawa Barat
16110,Ciburuy,Cigombong,Kab.,Bogor,Jawa Barat
16110,Cigombong,Cigombong,Kab.,Bogor,Jawa Barat
16110,Cisalada,Cigombong,Kab.,Bogor,Jawa Barat
16110,Srogol,Cigombong,Kab.,Bogor,Jawa Barat
16110,Tugujaya,Cigombong,Kab.,Bogor,Jawa Barat
16110,Watesjaya,Cigombong,Kab.,Bogor,Jawa Barat
16119,Pasir Jaya,Cigombong,Kab.,Bogor,Jawa Barat
16120,Babakan,Ciseeng,Kab.,Bogor,Jawa Barat
16120,Cibentang,Ciseeng,Kab.,Bogor,Jawa Barat
16120,Cibeuteung Muara,Ciseeng,Kab.,Bogor,Jawa Barat
16120,Cibeuteung Udik,Ciseeng,Kab.,Bogor,Jawa Barat
16120,Cihoe (Cihowe),Ciseeng,Kab.,Bogor,Jawa Barat
16120,Ciseeng,Ciseeng,Kab.,Bogor,Jawa Barat
16120,Karihkil,Ciseeng,Kab.,Bogor,Jawa Barat
16120,Kuripan,Ciseeng,Kab.,Bogor,Jawa Barat
16120,Parigi Mekar,Ciseeng,Kab.,Bogor,Jawa Barat
16120,Putat Nutug,Ciseeng,Kab.,Bogor,Jawa Barat
16310,Atang Senjaya,Kemang,Kab.,Bogor,Jawa Barat
16310,Bantarjaya,Ranca Bungur,Kab.,Bogor,Jawa Barat
16310,Bantarsari,Ranca Bungur,Kab.,Bogor,Jawa Barat
16310,Bojong,Kemang,Kab.,Bogor,Jawa Barat
16310,Candali,Ranca Bungur,Kab.,Bogor,Jawa Barat
16310,Jampang,Kemang,Kab.,Bogor,Jawa Barat
16310,Kemang,Kemang,Kab.,Bogor,Jawa Barat
16310,Mekarsari,Ranca Bungur,Kab.,Bogor,Jawa Barat
16310,Pabuaran,Kemang,Kab.,Bogor,Jawa Barat
16310,Parakan Jaya,Kemang,Kab.,Bogor,Jawa Barat
16310,Pasirgaok,Ranca Bungur,Kab.,Bogor,Jawa Barat
16310,Pondok Udik,Kemang,Kab.,Bogor,Jawa Barat
16310,Rancabungur,Ranca Bungur,Kab.,Bogor,Jawa Barat
16310,Semplak Barat,Kemang,Kab.,Bogor,Jawa Barat
16310,Tegal,Kemang,Kab.,Bogor,Jawa Barat
16330,Bojong Indah,Parung,Kab.,Bogor,Jawa Barat
16330,Bojong Sempu,Parung,Kab.,Bogor,Jawa Barat
16330,Cogreg,Parung,Kab.,Bogor,Jawa Barat
16330,Iwul,Parung,Kab.,Bogor,Jawa Barat
16330,Jabon Mekar,Parung,Kab.,Bogor,Jawa Barat
16330,Pamagersari,Parung,Kab.,Bogor,Jawa Barat
16330,Parung,Parung,Kab.,Bogor,Jawa Barat
16330,Waru,Parung,Kab.,Bogor,Jawa Barat
16330,Warujaya,Parung,Kab.,Bogor,Jawa Barat
16340,Cibadung,Gunung Sindur,Kab.,Bogor,Jawa Barat
16340,Cibinong,Gunung Sindur,Kab.,Bogor,Jawa Barat
16340,Cidokom,Gunung Sindur,Kab.,Bogor,Jawa Barat
16340,Curug,Gunung Sindur,Kab.,Bogor,Jawa Barat
16340,Gunung Sindur,Gunung Sindur,Kab.,Bogor,Jawa Barat
16340,Jampang,Gunung Sindur,Kab.,Bogor,Jawa Barat
16340,Pabuaran,Gunung Sindur,Kab.,Bogor,Jawa Barat
16340,Padurenan,Gunung Sindur,Kab.,Bogor,Jawa Barat
16340,Pengasinan,Gunung Sindur,Kab.,Bogor,Jawa Barat
16340,Rawakalong,Gunung Sindur,Kab.,Bogor,Jawa Barat
16350,Cibodas,Rumpin,Kab.,Bogor,Jawa Barat
16350,Cidokom,Rumpin,Kab.,Bogor,Jawa Barat
16350,Cipinang,Rumpin,Kab.,Bogor,Jawa Barat
16350,Gobang,Rumpin,Kab.,Bogor,Jawa Barat
16350,Kampung Sawah,Rumpin,Kab.,Bogor,Jawa Barat
16350,Kerta Jaya,Rumpin,Kab.,Bogor,Jawa Barat
16350,Leuwibatu,Rumpin,Kab.,Bogor,Jawa Barat
16350,Mekar Sari,Rumpin,Kab.,Bogor,Jawa Barat
16350,Mekarjaya,Rumpin,Kab.,Bogor,Jawa Barat
16350,Rabak,Rumpin,Kab.,Bogor,Jawa Barat
16350,Rumpin,Rumpin,Kab.,Bogor,Jawa Barat
16350,Sukamulya,Rumpin,Kab.,Bogor,Jawa Barat
16350,Sukasari,Rumpin,Kab.,Bogor,Jawa Barat
16350,Taman Sari,Rumpin,Kab.,Bogor,Jawa Barat
16360,Cibunar,Parung Panjang,Kab.,Bogor,Jawa Barat
16360,Cikuda,Parung Panjang,Kab.,Bogor,Jawa Barat
16360,Dago,Parung Panjang,Kab.,Bogor,Jawa Barat
16360,Gintung Cilejet,Parung Panjang,Kab.,Bogor,Jawa Barat
16360,Gorowong,Parung Panjang,Kab.,Bogor,Jawa Barat
16360,Jagabaya,Parung Panjang,Kab.,Bogor,Jawa Barat
16360,Jagabita,Parung Panjang,Kab.,Bogor,Jawa Barat
16360,Kabasiran,Parung Panjang,Kab.,Bogor,Jawa Barat
16360,Lumpang,Parung Panjang,Kab.,Bogor,Jawa Barat
16360,Parungpanjang,Parung Panjang,Kab.,Bogor,Jawa Barat
16360,Pingku,Parung Panjang,Kab.,Bogor,Jawa Barat
16370,Babakan,Tenjo,Kab.,Bogor,Jawa Barat
16370,Batok,Tenjo,Kab.,Bogor,Jawa Barat
16370,Bojong,Tenjo,Kab.,Bogor,Jawa Barat
16370,Cibitung Tengah,Tenjolaya,Kab.,Bogor,Jawa Barat
16370,Cilaku,Tenjo,Kab.,Bogor,Jawa Barat
16370,Cinangneng,Tenjolaya,Kab.,Bogor,Jawa Barat
16370,Ciomas,Tenjo,Kab.,Bogor,Jawa Barat
16370,Gunung Malang,Tenjolaya,Kab.,Bogor,Jawa Barat
16370,Singabangsa,Tenjo,Kab.,Bogor,Jawa Barat
16370,Singabraja,Tenjo,Kab.,Bogor,Jawa Barat
16370,Situ Daun,Tenjolaya,Kab.,Bogor,Jawa Barat
16370,Tapos,Tenjo,Kab.,Bogor,Jawa Barat
16370,Tapos 1,Tenjolaya,Kab.,Bogor,Jawa Barat
16370,Tapos 2,Tenjolaya,Kab.,Bogor,Jawa Barat
16370,Tenjo,Tenjo,Kab.,Bogor,Jawa Barat
16610,Ciapus,Ciomas,Kab.,Bogor,Jawa Barat
16610,Ciomas,Ciomas,Kab.,Bogor,Jawa Barat
16610,Ciomas Rahayu,Ciomas,Kab.,Bogor,Jawa Barat
16610,Kota Batu,Ciomas,Kab.,Bogor,Jawa Barat
16610,Laladon,Ciomas,Kab.,Bogor,Jawa Barat
16610,Mekarjaya,Ciomas,Kab.,Bogor,Jawa Barat
16610,Padasuka,Ciomas,Kab.,Bogor,Jawa Barat
16610,Pagelaran,Ciomas,Kab.,Bogor,Jawa Barat
16610,Parakan,Ciomas,Kab.,Bogor,Jawa Barat
16610,Pasireurih,Tamansari,Kab.,Bogor,Jawa Barat
16610,Sirnagalih,Tamansari,Kab.,Bogor,Jawa Barat
16610,Sukaharja,Ciomas,Kab.,Bogor,Jawa Barat
16610,Sukajadi,Tamansari,Kab.,Bogor,Jawa Barat
16610,Sukajaya,Tamansari,Kab.,Bogor,Jawa Barat
16610,Sukaluyu,Tamansari,Kab.,Bogor,Jawa Barat
16610,Sukamakmur,Ciomas,Kab.,Bogor,Jawa Barat
16610,Sukamantri,Tamansari,Kab.,Bogor,Jawa Barat
16610,Sukaresmi,Tamansari,Kab.,Bogor,Jawa Barat
16610,Tamansari,Tamansari,Kab.,Bogor,Jawa Barat
16620,Benteng,Ciampea,Kab.,Bogor,Jawa Barat
16620,Bojong Jengkol,Ciampea,Kab.,Bogor,Jawa Barat
16620,Bojong Rangkas,Ciampea,Kab.,Bogor,Jawa Barat
16620,Ciampea,Ciampea,Kab.,Bogor,Jawa Barat
16620,Ciampea Udik,Ciampea,Kab.,Bogor,Jawa Barat
16620,Cibadak,Ciampea,Kab.,Bogor,Jawa Barat
16620,Cibanteng,Ciampea,Kab.,Bogor,Jawa Barat
16620,Cibuntu,Ciampea,Kab.,Bogor,Jawa Barat
16620,Cicadas,Ciampea,Kab.,Bogor,Jawa Barat
16620,Cihideung Ilir,Ciampea,Kab.,Bogor,Jawa Barat
16620,Cihideung Udik,Ciampea,Kab.,Bogor,Jawa Barat
16620,Cinangka,Ciampea,Kab.,Bogor,Jawa Barat
16620,Tegal Waru,Ciampea,Kab.,Bogor,Jawa Barat
16630,Cemplang,Cibungbulang,Kab.,Bogor,Jawa Barat
16630,Ciaruteun Ilir,Cibungbulang,Kab.,Bogor,Jawa Barat
16630,Ciaruteun Udik,Cibungbulang,Kab.,Bogor,Jawa Barat
16630,Cibatok 1,Cibungbulang,Kab.,Bogor,Jawa Barat
16630,Cibatok 2,Cibungbulang,Kab.,Bogor,Jawa Barat
16630,Cijujung,Cibungbulang,Kab.,Bogor,Jawa Barat
16630,Cimanggu 1,Cibungbulang,Kab.,Bogor,Jawa Barat
16630,Cimanggu 2,Cibungbulang,Kab.,Bogor,Jawa Barat
16630,Dukuh,Cibungbulang,Kab.,Bogor,Jawa Barat
16630,Galuga,Cibungbulang,Kab.,Bogor,Jawa Barat
16630,Girimulya,Cibungbulang,Kab.,Bogor,Jawa Barat
16630,Leuweung Kolot,Cibungbulang,Kab.,Bogor,Jawa Barat
16630,Situ Ilir,Cibungbulang,Kab.,Bogor,Jawa Barat
16630,Situ Udik,Cibungbulang,Kab.,Bogor,Jawa Barat
16630,Sukamaju,Cibungbulang,Kab.,Bogor,Jawa Barat
16640,Babakan Sadeng,Leuwisadeng,Kab.,Bogor,Jawa Barat
16640,Barengkok,Leuwiliang,Kab.,Bogor,Jawa Barat
16640,Cibeber 1,Leuwiliang,Kab.,Bogor,Jawa Barat
16640,Cibeber 2,Leuwiliang,Kab.,Bogor,Jawa Barat
16640,Kalong 1,Leuwisadeng,Kab.,Bogor,Jawa Barat
16640,Kalong 2,Leuwisadeng,Kab.,Bogor,Jawa Barat
16640,Karacak,Leuwiliang,Kab.,Bogor,Jawa Barat
16640,Karehkel,Leuwiliang,Kab.,Bogor,Jawa Barat
16640,Karyasari,Leuwiliang,Kab.,Bogor,Jawa Barat
16640,Leuwiliang,Leuwiliang,Kab.,Bogor,Jawa Barat
16640,Leuwimekar,Leuwiliang,Kab.,Bogor,Jawa Barat
16640,Leuwisadeng,Leuwisadeng,Kab.,Bogor,Jawa Barat
16640,Pabangbon,Leuwiliang,Kab.,Bogor,Jawa Barat
16640,Purasari,Leuwiliang,Kab.,Bogor,Jawa Barat
16640,Puraseda,Leuwiliang,Kab.,Bogor,Jawa Barat
16640,Sadeng,Leuwisadeng,Kab.,Bogor,Jawa Barat
16640,Sadengkolot,Leuwisadeng,Kab.,Bogor,Jawa Barat
16640,Sibanteng,Leuwisadeng,Kab.,Bogor,Jawa Barat
16640,Wangun Jaya,Leuwisadeng,Kab.,Bogor,Jawa Barat
16650,Bantar Karet,Nanggung,Kab.,Bogor,Jawa Barat
16650,Cisarua,Nanggung,Kab.,Bogor,Jawa Barat
16650,Curug Bitung,Nanggung,Kab.,Bogor,Jawa Barat
16650,Hambaro,Nanggung,Kab.,Bogor,Jawa Barat
16650,Kalong Liud,Nanggung,Kab.,Bogor,Jawa Barat
16650,Malasari,Nanggung,Kab.,Bogor,Jawa Barat
16650,Nanggung,Nanggung,Kab.,Bogor,Jawa Barat
16650,Pangkal Jaya,Nanggung,Kab.,Bogor,Jawa Barat
16650,Parakan Muncang,Nanggung,Kab.,Bogor,Jawa Barat
16650,Sukaluyu,Nanggung,Kab.,Bogor,Jawa Barat
16660,Argapura,Cigudeg,Kab.,Bogor,Jawa Barat
16660,Bangunjaya,Cigudeg,Kab.,Bogor,Jawa Barat
16660,Banyu Asih,Cigudeg,Kab.,Bogor,Jawa Barat
16660,Banyu Resmi,Cigudeg,Kab.,Bogor,Jawa Barat
16660,Banyu Wangi,Cigudeg,Kab.,Bogor,Jawa Barat
16660,Batu Jajar,Cigudeg,Kab.,Bogor,Jawa Barat
16660,Bunar,Cigudeg,Kab.,Bogor,Jawa Barat
16660,Cigudeg,Cigudeg,Kab.,Bogor,Jawa Barat
16660,Cileuksa,Sukajaya,Kab.,Bogor,Jawa Barat
16660,Cintamanik,Cigudeg,Kab.,Bogor,Jawa Barat
16660,Cisarua,Sukajaya,Kab.,Bogor,Jawa Barat
16660,Harkatjaya,Sukajaya,Kab.,Bogor,Jawa Barat
16660,Jayaraharja,Sukajaya,Kab.,Bogor,Jawa Barat
16660,Kiara Pandak,Sukajaya,Kab.,Bogor,Jawa Barat
16660,Kiarasari,Sukajaya,Kab.,Bogor,Jawa Barat
16660,Mekarjaya,Cigudeg,Kab.,Bogor,Jawa Barat
16660,Pasir Madang,Sukajaya,Kab.,Bogor,Jawa Barat
16660,Rengasjajar,Cigudeg,Kab.,Bogor,Jawa Barat
16660,Sipayung,Sukajaya,Kab.,Bogor,Jawa Barat
16660,Sukajaya,Sukajaya,Kab.,Bogor,Jawa Barat
16660,Sukamaju,Cigudeg,Kab.,Bogor,Jawa Barat
16660,Sukamulih,Sukajaya,Kab.,Bogor,Jawa Barat
16660,Sukaraksa,Cigudeg,Kab.,Bogor,Jawa Barat
16660,Tegallega,Cigudeg,Kab.,Bogor,Jawa Barat
16660,Urug,Sukajaya,Kab.,Bogor,Jawa Barat
16660,Wargajaya,Cigudeg,Kab.,Bogor,Jawa Barat
16670,Bagoang,Jasinga,Kab.,Bogor,Jawa Barat
16670,Barengkok,Jasinga,Kab.,Bogor,Jawa Barat
16670,Cikopomayak,Jasinga,Kab.,Bogor,Jawa Barat
16670,Curug,Jasinga,Kab.,Bogor,Jawa Barat
16670,Jasinga,Jasinga,Kab.,Bogor,Jawa Barat
16670,Jugala Jaya,Jasinga,Kab.,Bogor,Jawa Barat
16670,Kalongsawah,Jasinga,Kab.,Bogor,Jawa Barat
16670,Koleang,Jasinga,Kab.,Bogor,Jawa Barat
16670,Neglasari,Jasinga,Kab.,Bogor,Jawa Barat
16670,Pamagersari,Jasinga,Kab.,Bogor,Jawa Barat
16670,Pangaur,Jasinga,Kab.,Bogor,Jawa Barat
16670,Pangradin,Jasinga,Kab.,Bogor,Jawa Barat
16670,Setu,Jasinga,Kab.,Bogor,Jawa Barat
16670,Sipak,Jasinga,Kab.,Bogor,Jawa Barat
16670,Tegal Wangi,Jasinga,Kab.,Bogor,Jawa Barat
16680,Babakan,Dramaga,Kab.,Bogor,Jawa Barat
16680,Ciherang,Dramaga,Kab.,Bogor,Jawa Barat
16680,Cikarawang,Dramaga,Kab.,Bogor,Jawa Barat
16680,Dramaga,Dramaga,Kab.,Bogor,Jawa Barat
16680,Neglasari,Dramaga,Kab.,Bogor,Jawa Barat
16680,Petir,Dramaga,Kab.,Bogor,Jawa Barat
16680,Purwasari,Dramaga,Kab.,Bogor,Jawa Barat
16680,Sinar Sari,Dramaga,Kab.,Bogor,Jawa Barat
16680,Sukadamai,Dramaga,Kab.,Bogor,Jawa Barat
16680,Sukawening,Dramaga,Kab.,Bogor,Jawa Barat
16710,Cadas Ngampar,Sukaraja,Kab.,Bogor,Jawa Barat
16710,Cibanon,Sukaraja,Kab.,Bogor,Jawa Barat
16710,Cijujung,Sukaraja,Kab.,Bogor,Jawa Barat
16710,Cikeas,Sukaraja,Kab.,Bogor,Jawa Barat
16710,Cilebut Barat,Sukaraja,Kab.,Bogor,Jawa Barat
16710,Cilebut Timur,Sukaraja,Kab.,Bogor,Jawa Barat
16710,Cimandala,Sukaraja,Kab.,Bogor,Jawa Barat
16710,Gunung Geulis,Sukaraja,Kab.,Bogor,Jawa Barat
16710,Nagrak,Sukaraja,Kab.,Bogor,Jawa Barat
16710,Pasir Jambu,Sukaraja,Kab.,Bogor,Jawa Barat
16710,Pasirlaja,Sukaraja,Kab.,Bogor,Jawa Barat
16710,Sukaraja,Sukaraja,Kab.,Bogor,Jawa Barat
16710,Sukatani,Sukaraja,Kab.,Bogor,Jawa Barat
16720,Banjar Sari,Ciawi,Kab.,Bogor,Jawa Barat
16720,Banjar Wangi,Ciawi,Kab.,Bogor,Jawa Barat
16720,Banjar Waru,Ciawi,Kab.,Bogor,Jawa Barat
16720,Bendungan,Ciawi,Kab.,Bogor,Jawa Barat
16720,Bitung Sari,Ciawi,Kab.,Bogor,Jawa Barat
16720,Bojong Murni,Ciawi,Kab.,Bogor,Jawa Barat
16720,Ciawi,Ciawi,Kab.,Bogor,Jawa Barat
16720,Cibedug,Ciawi,Kab.,Bogor,Jawa Barat
16720,Cileungsi,Ciawi,Kab.,Bogor,Jawa Barat
16720,Citapen,Ciawi,Kab.,Bogor,Jawa Barat
16720,Jambu Luwuk,Ciawi,Kab.,Bogor,Jawa Barat
16720,Pandansari,Ciawi,Kab.,Bogor,Jawa Barat
16720,Teluk Pinang,Ciawi,Kab.,Bogor,Jawa Barat
16730,Caringin,Caringin,Kab.,Bogor,Jawa Barat
16730,Ciderum,Caringin,Kab.,Bogor,Jawa Barat
16730,Ciherang Pondok,Caringin,Kab.,Bogor,Jawa Barat
16730,Cimande,Caringin,Kab.,Bogor,Jawa Barat
16730,Cimande Hilir,Caringin,Kab.,Bogor,Jawa Barat
16730,Cinagara,Caringin,Kab.,Bogor,Jawa Barat
16730,Lemah Duhur,Caringin,Kab.,Bogor,Jawa Barat
16730,Muarajaya,Caringin,Kab.,Bogor,Jawa Barat
16730,Pancawati,Caringin,Kab.,Bogor,Jawa Barat
16730,Pasir Buncir,Caringin,Kab.,Bogor,Jawa Barat
16730,Pasir Muncang,Caringin,Kab.,Bogor,Jawa Barat
16730,Tangkil,Caringin,Kab.,Bogor,Jawa Barat
16740,Cibalung,Cijeruk,Kab.,Bogor,Jawa Barat
16740,Cijeruk,Cijeruk,Kab.,Bogor,Jawa Barat
16740,Cipelang,Cijeruk,Kab.,Bogor,Jawa Barat
16740,Cipicung,Cijeruk,Kab.,Bogor,Jawa Barat
16740,Palasari,Cijeruk,Kab.,Bogor,Jawa Barat
16740,Sukaharja,Cijeruk,Kab.,Bogor,Jawa Barat
16740,Tajur Halang,Cijeruk,Kab.,Bogor,Jawa Barat
16740,Tanjung Sari,Cijeruk,Kab.,Bogor,Jawa Barat
16740,Warung Menteng,Cijeruk,Kab.,Bogor,Jawa Barat
16750,Batu Layang,Cisarua,Kab.,Bogor,Jawa Barat
16750,Cibeureum,Cisarua,Kab.,Bogor,Jawa Barat
16750,Cilember,Cisarua,Kab.,Bogor,Jawa Barat
16750,Cisarua,Cisarua,Kab.,Bogor,Jawa Barat
16750,Citeko,Cisarua,Kab.,Bogor,Jawa Barat
16750,Jogjogan,Cisarua,Kab.,Bogor,Jawa Barat
16750,Kopo,Cisarua,Kab.,Bogor,Jawa Barat
16750,Leuwimalang,Cisarua,Kab.,Bogor,Jawa Barat
16750,Tugu Selatan,Cisarua,Kab.,Bogor,Jawa Barat
16750,Tugu Utara,Cisarua,Kab.,Bogor,Jawa Barat
16770,Cipayung (Cipayung Datar),Megamendung,Kab.,Bogor,Jawa Barat
16770,Cipayung Girang,Megamendung,Kab.,Bogor,Jawa Barat
16770,Gadog,Megamendung,Kab.,Bogor,Jawa Barat
16770,Kuta,Megamendung,Kab.,Bogor,Jawa Barat
16770,Megamendung,Megamendung,Kab.,Bogor,Jawa Barat
16770,Pasir Angin,Megamendung,Kab.,Bogor,Jawa Barat
16770,Sukagalih,Megamendung,Kab.,Bogor,Jawa Barat
16770,Sukakarya,Megamendung,Kab.,Bogor,Jawa Barat
16770,Sukamahi,Megamendung,Kab.,Bogor,Jawa Barat
16770,Sukamaju,Megamendung,Kab.,Bogor,Jawa Barat
16770,Sukamanah,Megamendung,Kab.,Bogor,Jawa Barat
16770,Sukaresmi,Megamendung,Kab.,Bogor,Jawa Barat
16810,Babakan Madang,Babakan Madang,Kab.,Bogor,Jawa Barat
16810,Bojong Koneng,Babakan Madang,Kab.,Bogor,Jawa Barat
16810,Ciasihan,Pamijahan,Kab.,Bogor,Jawa Barat
16810,Ciasmara,Pamijahan,Kab.,Bogor,Jawa Barat
16810,Cibening,Pamijahan,Kab.,Bogor,Jawa Barat
16810,Cibitung Kulon,Pamijahan,Kab.,Bogor,Jawa Barat
16810,Cibitung Wetan,Pamijahan,Kab.,Bogor,Jawa Barat
16810,Cibunian,Pamijahan,Kab.,Bogor,Jawa Barat
16810,Cijayanti,Babakan Madang,Kab.,Bogor,Jawa Barat
16810,Cimayang,Pamijahan,Kab.,Bogor,Jawa Barat
16810,Cipambuan,Babakan Madang,Kab.,Bogor,Jawa Barat
16810,Citaringgul,Babakan Madang,Kab.,Bogor,Jawa Barat
16810,Gunung Bunder 1,Pamijahan,Kab.,Bogor,Jawa Barat
16810,Gunung Bunder 2,Pamijahan,Kab.,Bogor,Jawa Barat
16810,Gunung Menyan,Pamijahan,Kab.,Bogor,Jawa Barat
16810,Gunung Picung,Pamijahan,Kab.,Bogor,Jawa Barat
16810,Gunung Sari,Pamijahan,Kab.,Bogor,Jawa Barat
16810,Kadumangu,Babakan Madang,Kab.,Bogor,Jawa Barat
16810,Karang Tengah,Babakan Madang,Kab.,Bogor,Jawa Barat
16810,Pamijahan,Pamijahan,Kab.,Bogor,Jawa Barat
16810,Pasarean,Pamijahan,Kab.,Bogor,Jawa Barat
16810,Purwabakti,Pamijahan,Kab.,Bogor,Jawa Barat
16810,Sentul,Babakan Madang,Kab.,Bogor,Jawa Barat
16810,Sumur Batu,Babakan Madang,Kab.,Bogor,Jawa Barat
16820,Cileungsi,Cileungsi,Kab.,Bogor,Jawa Barat
16820,Cileungsi Kidul,Cileungsi,Kab.,Bogor,Jawa Barat
16820,Cipenjo,Cileungsi,Kab.,Bogor,Jawa Barat
16820,Cipeucang,Cileungsi,Kab.,Bogor,Jawa Barat
16820,Dayeuh,Cileungsi,Kab.,Bogor,Jawa Barat
16820,Gandoang,Cileungsi,Kab.,Bogor,Jawa Barat
16820,Jatisari,Cileungsi,Kab.,Bogor,Jawa Barat
16820,Limus Nunggal,Cileungsi,Kab.,Bogor,Jawa Barat
16820,Mampir,Cileungsi,Kab.,Bogor,Jawa Barat
16820,Mekarsari,Cileungsi,Kab.,Bogor,Jawa Barat
16820,Pasir Angin,Cileungsi,Kab.,Bogor,Jawa Barat
16820,Setu Sari,Cileungsi,Kab.,Bogor,Jawa Barat
16830,Balekambang,Jonggol,Kab.,Bogor,Jawa Barat
16830,Bendungan,Jonggol,Kab.,Bogor,Jawa Barat
16830,Cibadak,Sukamakmur,Kab.,Bogor,Jawa Barat
16830,Cibodas,Jonggol,Kab.,Bogor,Jawa Barat
16830,Jonggol,Jonggol,Kab.,Bogor,Jawa Barat
16830,Pabuaran,Sukamakmur,Kab.,Bogor,Jawa Barat
16830,Singajaya,Jonggol,Kab.,Bogor,Jawa Barat
16830,Singasari,Jonggol,Kab.,Bogor,Jawa Barat
16830,Sirnagalih,Jonggol,Kab.,Bogor,Jawa Barat
16830,Sirnajaya,Sukamakmur,Kab.,Bogor,Jawa Barat
16830,Sukadamai,Sukamakmur,Kab.,Bogor,Jawa Barat
16830,Sukagalih,Jonggol,Kab.,Bogor,Jawa Barat
16830,Sukaharja,Sukamakmur,Kab.,Bogor,Jawa Barat
16830,Sukajaya,Jonggol,Kab.,Bogor,Jawa Barat
16830,Sukamaju,Jonggol,Kab.,Bogor,Jawa Barat
16830,Sukamakmur,Sukamakmur,Kab.,Bogor,Jawa Barat
16830,Sukamanah,Jonggol,Kab.,Bogor,Jawa Barat
16830,Sukamulya,Sukamakmur,Kab.,Bogor,Jawa Barat
16830,Sukanegara,Jonggol,Kab.,Bogor,Jawa Barat
16830,Sukaresmi,Sukamakmur,Kab.,Bogor,Jawa Barat
16830,Sukasirna,Jonggol,Kab.,Bogor,Jawa Barat
16830,Sukawangi,Sukamakmur,Kab.,Bogor,Jawa Barat
16830,Wargajaya,Sukamakmur,Kab.,Bogor,Jawa Barat
16830,Weninggalih,Jonggol,Kab.,Bogor,Jawa Barat
16840,Antajaya,Tanjungsari,Kab.,Bogor,Jawa Barat
16840,Babakan Raden,Cariu,Kab.,Bogor,Jawa Barat
16840,Bantar Kuning,Cariu,Kab.,Bogor,Jawa Barat
16840,Buanajaya,Tanjungsari,Kab.,Bogor,Jawa Barat
16840,Cariu,Cariu,Kab.,Bogor,Jawa Barat
16840,Cibadak,Tanjungsari,Kab.,Bogor,Jawa Barat
16840,Cibatu Tiga,Cariu,Kab.,Bogor,Jawa Barat
16840,Cikutamahi,Cariu,Kab.,Bogor,Jawa Barat
16840,Karya Mekar,Cariu,Kab.,Bogor,Jawa Barat
16840,Kuta Mekar,Cariu,Kab.,Bogor,Jawa Barat
16840,Mekarwangi,Cariu,Kab.,Bogor,Jawa Barat
16840,Pasir Tanjung,Tanjungsari,Kab.,Bogor,Jawa Barat
16840,Selawangi,Tanjungsari,Kab.,Bogor,Jawa Barat
16840,Sirnarasa,Tanjungsari,Kab.,Bogor,Jawa Barat
16840,Sirnasari,Tanjungsari,Kab.,Bogor,Jawa Barat
16840,Sukajadi,Cariu,Kab.,Bogor,Jawa Barat
16840,Sukarasa,Tanjungsari,Kab.,Bogor,Jawa Barat
16840,Tanjungrasa,Tanjungsari,Kab.,Bogor,Jawa Barat
16840,Tanjungsari,Tanjungsari,Kab.,Bogor,Jawa Barat
16840,Tegal Panjang,Cariu,Kab.,Bogor,Jawa Barat
16911,Cibinong,Cibinong,Kab.,Bogor,Jawa Barat
16912,Nanggewer,Cibinong,Kab.,Bogor,Jawa Barat
16912,Nanggewer Mekar,Cibinong,Kab.,Bogor,Jawa Barat
16913,Karadenan,Cibinong,Kab.,Bogor,Jawa Barat
16913,Sukahati,Cibinong,Kab.,Bogor,Jawa Barat
16914,Harapan Jaya,Cibinong,Kab.,Bogor,Jawa Barat
16914,Pondok Rajeg,Cibinong,Kab.,Bogor,Jawa Barat
16914,Tengah,Cibinong,Kab.,Bogor,Jawa Barat
16915,Pakansari,Cibinong,Kab.,Bogor,Jawa Barat
16916,Pabuaran,Cibinong,Kab.,Bogor,Jawa Barat
16917,Cirimekar,Cibinong,Kab.,Bogor,Jawa Barat
16918,Ciriung,Cibinong,Kab.,Bogor,Jawa Barat
16920,Bojong Baru,Bojonggede,Kab.,Bogor,Jawa Barat
16920,Cimanggis,Bojonggede,Kab.,Bogor,Jawa Barat
16920,Ragajaya,Bojonggede,Kab.,Bogor,Jawa Barat
16920,Rawa Panjang,Bojonggede,Kab.,Bogor,Jawa Barat
16920,Susukan,Bojonggede,Kab.,Bogor,Jawa Barat
16920,Waringin Jaya,Bojonggede,Kab.,Bogor,Jawa Barat
16921,Pabuaran,Bojonggede,Kab.,Bogor,Jawa Barat
16922,Bojong Gede,Bojonggede,Kab.,Bogor,Jawa Barat
16923,Kedung Waringin,Bojonggede,Kab.,Bogor,Jawa Barat
16960,Karanggan,Gunung Putri,Kab.,Bogor,Jawa Barat
16961,Gunung Putri,Gunung Putri,Kab.,Bogor,Jawa Barat
16962,Tlajung Udik,Gunung Putri,Kab.,Bogor,Jawa Barat
16963,Bojong Nangka,Gunung Putri,Kab.,Bogor,Jawa Barat
16964,Cicadas,Gunung Putri,Kab.,Bogor,Jawa Barat
16965,Wanaherang,Gunung Putri,Kab.,Bogor,Jawa Barat
16966,Cikeas Udik,Gunung Putri,Kab.,Bogor,Jawa Barat
16967,Nagrag,Gunung Putri,Kab.,Bogor,Jawa Barat
16968,Ciangsana,Gunung Putri,Kab.,Bogor,Jawa Barat
16969,Bojong Kulur,Gunung Putri,Kab.,Bogor,Jawa Barat
12910,Setiabudi,Setiabudi,Kota,Jakarta Selatan,DKI Jakarta
15157,Karang Timur,Karangtengah,Kota,Tangerang,Banten
15157,Karang Mulya,Karangtengah,Kota,Tangerang,Banten
15157,Karang Tengah,Karangtengah,Kota,Tangerang,Banten
15560,Sukamantri,Pasarkemis,Kab.,Tangerang,Banten
15560,Sukaasih,Pasarkemis,Kab.,Tangerang,Banten
15560,Sindang Sari,Pasarkemis,Kab.,Tangerang,Banten
15560,Pasar Kemis,Pasarkemis,Kab.,Tangerang,Banten
15560,Kuta Jaya,Pasarkemis,Kab.,Tangerang,Banten
15560,Pangadegan,Pasarkemis,Kab.,Tangerang,Banten
15560,Kuta Baru,Pasarkemis,Kab.,Tangerang,Banten
15560,Kuta Bumi,Pasarkemis,Kab.,Tangerang,Banten
15560,Gelam Jaya,Pasarkemis,Kab.,Tangerang,Banten
16161,Tanah Sareal,Tanah Sareal,Kota,Bogor,Jawa Barat
16320,Tajur Halang,Tajur Halang,Kab.,Bogor,Jawa Barat
16710,Klapanunggal,Klapanunggal,Kab.,Bogor,Jawa Barat
17433,Jatisampurna,Jatisampurna,Kota,Bekasi,Jawa Barat
17540,Kedungwaringin,Kedungwaringin,Kab.,Bekasi,Jawa Barat